state,survey_year,dataset_version,component_key,component_label,value,provenance_type,review_required,evidence_scope,source_title,source_url,source_publication_year,source_value_note,derivation_method,technologies,original_mock_value,mock_default_method,notes
Texas,2000,BC_Analysis_Default_v1,bc_existing_mobility_benefit,Existing Mobility Benefit,13994500,Exact_Dataset,false,Houston TranStar project-level annual mobility benefits; not a statewide total,Estimation of Benefits of Houston TranStar,https://www.itskrs.its.dot.gov/2000-b00014,1997,$8.440 million annual incident-management delay savings plus $5.5545 million annual ramp-metering delay savings.,"Summed the two non-overlapping annual mobility-benefit values reported in the ITS JPO record: $8,440,000 + $5,554,500.",Traffic incident management; Ramp metering; Transportation management center operations; Traffic surveillance,8000000,Retained from bc_baseline_mock_v1. The legacy value modeled annual benefit growth from comparable ITS JPO findings using assumed deployment exposure; it is not a measured state-year benefit.,Historical Houston deployment result represented in the 2000 row because the ITS JPO database record was posted in 2000.
Texas,2000,BC_Analysis_Default_v1,bc_existing_safety_benefit,Existing Safety Benefit,5000000,Mock_Default,true,State-year model baseline; no matching authorized monetary record verified,Legacy bc_baseline_mock_v1 supported by ITS JPO Benefits/Costs databases,https://www.itskrs.its.dot.gov/benefits,,"Mock_Default value carried forward: $5,000,000.",Retained from bc_baseline_mock_v1. The legacy value modeled annual benefit growth from comparable ITS JPO findings using assumed deployment exposure; it is not a measured state-year benefit.,Traffic incident management; Work-zone ITS and queue warning; Speed management,5000000,Retained from bc_baseline_mock_v1. The legacy value modeled annual benefit growth from comparable ITS JPO findings using assumed deployment exposure; it is not a measured state-year benefit.,Early ITS operations baseline with conservative mobility and safety monetization.
Texas,2000,BC_Analysis_Default_v1,bc_existing_environment_benefit,Existing Environmental Benefit,400000,Mock_Default,true,State-year model baseline; no matching authorized monetary record verified,Legacy bc_baseline_mock_v1 supported by ITS JPO Benefits/Costs databases,https://www.itskrs.its.dot.gov/benefits,,"Mock_Default value carried forward: $400,000.",Retained from bc_baseline_mock_v1. The legacy value modeled annual benefit growth from comparable ITS JPO findings using assumed deployment exposure; it is not a measured state-year benefit.,Traffic signal control; Ramp metering; Traffic management center operations,400000,Retained from bc_baseline_mock_v1. The legacy value modeled annual benefit growth from comparable ITS JPO findings using assumed deployment exposure; it is not a measured state-year benefit.,Early ITS operations baseline with conservative mobility and safety monetization.
Texas,2000,BC_Analysis_Default_v1,bc_new_mobility_benefit,New Mobility Benefit,1200000,Mock_Default,true,State-year model baseline; no matching authorized monetary record verified,Legacy bc_baseline_mock_v1 supported by ITS JPO Benefits/Costs databases,https://www.itskrs.its.dot.gov/benefits,,"Mock_Default value carried forward: $1,200,000.",Retained from bc_baseline_mock_v1. The legacy value modeled annual benefit growth from comparable ITS JPO findings using assumed deployment exposure; it is not a measured state-year benefit.,Adaptive traffic signal control; Traveler information systems; Active traffic management,1200000,Retained from bc_baseline_mock_v1. The legacy value modeled annual benefit growth from comparable ITS JPO findings using assumed deployment exposure; it is not a measured state-year benefit.,Early ITS operations baseline with conservative mobility and safety monetization.
Texas,2000,BC_Analysis_Default_v1,bc_new_safety_benefit,New Safety Benefit,900000,Mock_Default,true,State-year model baseline; no matching authorized monetary record verified,Legacy bc_baseline_mock_v1 supported by ITS JPO Benefits/Costs databases,https://www.itskrs.its.dot.gov/benefits,,"Mock_Default value carried forward: $900,000.",Retained from bc_baseline_mock_v1. The legacy value modeled annual benefit growth from comparable ITS JPO findings using assumed deployment exposure; it is not a measured state-year benefit.,Work-zone ITS and queue warning; Variable speed limits; Emergency vehicle preemption,900000,Retained from bc_baseline_mock_v1. The legacy value modeled annual benefit growth from comparable ITS JPO findings using assumed deployment exposure; it is not a measured state-year benefit.,Early ITS operations baseline with conservative mobility and safety monetization.
Texas,2000,BC_Analysis_Default_v1,bc_new_environment_benefit,New Environmental Benefit,60000,Mock_Default,true,State-year model baseline; no matching authorized monetary record verified,Legacy bc_baseline_mock_v1 supported by ITS JPO Benefits/Costs databases,https://www.itskrs.its.dot.gov/benefits,,"Mock_Default value carried forward: $60,000.",Retained from bc_baseline_mock_v1. The legacy value modeled annual benefit growth from comparable ITS JPO findings using assumed deployment exposure; it is not a measured state-year benefit.,Adaptive traffic signal control; Speed harmonization; Connected-vehicle applications,60000,Retained from bc_baseline_mock_v1. The legacy value modeled annual benefit growth from comparable ITS JPO findings using assumed deployment exposure; it is not a measured state-year benefit.,Early ITS operations baseline with conservative mobility and safety monetization.
Texas,2000,BC_Analysis_Default_v1,bc_existing_om_cost_total,Existing ITS O&M Cost,6500000,Mock_Default,true,State-year model baseline; no matching authorized monetary record verified,Legacy bc_baseline_mock_v1 supported by ITS JPO Benefits/Costs databases,https://www.itskrs.its.dot.gov/costs,,"Mock_Default value carried forward: $6,500,000.",Retained from bc_baseline_mock_v1. The legacy value scaled ITS JPO sample unit costs and cost ranges using assumed deployment quantities and annual growth; it is not an agency expenditure record.,Traffic management centers; ITS field devices; Communications systems; Traffic signal systems,6500000,Retained from bc_baseline_mock_v1. The legacy value scaled ITS JPO sample unit costs and cost ranges using assumed deployment quantities and annual growth; it is not an agency expenditure record.,Early ITS operations baseline with conservative mobility and safety monetization.
Texas,2000,BC_Analysis_Default_v1,bc_new_cost_total,New ITS Deployment Cost,3500000,Mock_Default,true,State-year model baseline; no matching authorized monetary record verified,Legacy bc_baseline_mock_v1 supported by ITS JPO Benefits/Costs databases,https://www.itskrs.its.dot.gov/costs,,"Mock_Default value carried forward: $3,500,000.",Retained from bc_baseline_mock_v1. The legacy value scaled ITS JPO sample unit costs and cost ranges using assumed deployment quantities and annual growth; it is not an agency expenditure record.,Traffic signal systems; Detection and surveillance; Dynamic message signs; Work-zone ITS,3500000,Retained from bc_baseline_mock_v1. The legacy value scaled ITS JPO sample unit costs and cost ranges using assumed deployment quantities and annual growth; it is not an agency expenditure record.,Early ITS operations baseline with conservative mobility and safety monetization.
Texas,2001,BC_Analysis_Default_v1,bc_existing_mobility_benefit,Existing Mobility Benefit,8600000,Mock_Default,true,State-year model baseline; no matching authorized monetary record verified,Legacy bc_baseline_mock_v1 supported by ITS JPO Benefits/Costs databases,https://www.itskrs.its.dot.gov/benefits,,"Mock_Default value carried forward: $8,600,000.",Retained from bc_baseline_mock_v1. The legacy value modeled annual benefit growth from comparable ITS JPO findings using assumed deployment exposure; it is not a measured state-year benefit.,Traffic signal control; Traffic incident management; Traveler information systems,8600000,Retained from bc_baseline_mock_v1. The legacy value modeled annual benefit growth from comparable ITS JPO findings using assumed deployment exposure; it is not a measured state-year benefit.,Incremental growth reflects expanded urban ITS coverage and annual O&M growth.
Texas,2001,BC_Analysis_Default_v1,bc_existing_safety_benefit,Existing Safety Benefit,5400000,Mock_Default,true,State-year model baseline; no matching authorized monetary record verified,Legacy bc_baseline_mock_v1 supported by ITS JPO Benefits/Costs databases,https://www.itskrs.its.dot.gov/benefits,,"Mock_Default value carried forward: $5,400,000.",Retained from bc_baseline_mock_v1. The legacy value modeled annual benefit growth from comparable ITS JPO findings using assumed deployment exposure; it is not a measured state-year benefit.,Traffic incident management; Work-zone ITS and queue warning; Speed management,5400000,Retained from bc_baseline_mock_v1. The legacy value modeled annual benefit growth from comparable ITS JPO findings using assumed deployment exposure; it is not a measured state-year benefit.,Incremental growth reflects expanded urban ITS coverage and annual O&M growth.
Texas,2001,BC_Analysis_Default_v1,bc_existing_environment_benefit,Existing Environmental Benefit,430000,Mock_Default,true,State-year model baseline; no matching authorized monetary record verified,Legacy bc_baseline_mock_v1 supported by ITS JPO Benefits/Costs databases,https://www.itskrs.its.dot.gov/benefits,,"Mock_Default value carried forward: $430,000.",Retained from bc_baseline_mock_v1. The legacy value modeled annual benefit growth from comparable ITS JPO findings using assumed deployment exposure; it is not a measured state-year benefit.,Traffic signal control; Ramp metering; Traffic management center operations,430000,Retained from bc_baseline_mock_v1. The legacy value modeled annual benefit growth from comparable ITS JPO findings using assumed deployment exposure; it is not a measured state-year benefit.,Incremental growth reflects expanded urban ITS coverage and annual O&M growth.
Texas,2001,BC_Analysis_Default_v1,bc_new_mobility_benefit,New Mobility Benefit,1250000,Mock_Default,true,State-year model baseline; no matching authorized monetary record verified,Legacy bc_baseline_mock_v1 supported by ITS JPO Benefits/Costs databases,https://www.itskrs.its.dot.gov/benefits,,"Mock_Default value carried forward: $1,250,000.",Retained from bc_baseline_mock_v1. The legacy value modeled annual benefit growth from comparable ITS JPO findings using assumed deployment exposure; it is not a measured state-year benefit.,Adaptive traffic signal control; Traveler information systems; Active traffic management,1250000,Retained from bc_baseline_mock_v1. The legacy value modeled annual benefit growth from comparable ITS JPO findings using assumed deployment exposure; it is not a measured state-year benefit.,Incremental growth reflects expanded urban ITS coverage and annual O&M growth.
Texas,2001,BC_Analysis_Default_v1,bc_new_safety_benefit,New Safety Benefit,930000,Mock_Default,true,State-year model baseline; no matching authorized monetary record verified,Legacy bc_baseline_mock_v1 supported by ITS JPO Benefits/Costs databases,https://www.itskrs.its.dot.gov/benefits,,"Mock_Default value carried forward: $930,000.",Retained from bc_baseline_mock_v1. The legacy value modeled annual benefit growth from comparable ITS JPO findings using assumed deployment exposure; it is not a measured state-year benefit.,Work-zone ITS and queue warning; Variable speed limits; Emergency vehicle preemption,930000,Retained from bc_baseline_mock_v1. The legacy value modeled annual benefit growth from comparable ITS JPO findings using assumed deployment exposure; it is not a measured state-year benefit.,Incremental growth reflects expanded urban ITS coverage and annual O&M growth.
Texas,2001,BC_Analysis_Default_v1,bc_new_environment_benefit,New Environmental Benefit,62000,Mock_Default,true,State-year model baseline; no matching authorized monetary record verified,Legacy bc_baseline_mock_v1 supported by ITS JPO Benefits/Costs databases,https://www.itskrs.its.dot.gov/benefits,,"Mock_Default value carried forward: $62,000.",Retained from bc_baseline_mock_v1. The legacy value modeled annual benefit growth from comparable ITS JPO findings using assumed deployment exposure; it is not a measured state-year benefit.,Adaptive traffic signal control; Speed harmonization; Connected-vehicle applications,62000,Retained from bc_baseline_mock_v1. The legacy value modeled annual benefit growth from comparable ITS JPO findings using assumed deployment exposure; it is not a measured state-year benefit.,Incremental growth reflects expanded urban ITS coverage and annual O&M growth.
Texas,2001,BC_Analysis_Default_v1,bc_existing_om_cost_total,Existing ITS O&M Cost,6800000,Mock_Default,true,State-year model baseline; no matching authorized monetary record verified,Legacy bc_baseline_mock_v1 supported by ITS JPO Benefits/Costs databases,https://www.itskrs.its.dot.gov/costs,,"Mock_Default value carried forward: $6,800,000.",Retained from bc_baseline_mock_v1. The legacy value scaled ITS JPO sample unit costs and cost ranges using assumed deployment quantities and annual growth; it is not an agency expenditure record.,Traffic management centers; ITS field devices; Communications systems; Traffic signal systems,6800000,Retained from bc_baseline_mock_v1. The legacy value scaled ITS JPO sample unit costs and cost ranges using assumed deployment quantities and annual growth; it is not an agency expenditure record.,Incremental growth reflects expanded urban ITS coverage and annual O&M growth.
Texas,2001,BC_Analysis_Default_v1,bc_new_cost_total,New ITS Deployment Cost,3600000,Mock_Default,true,State-year model baseline; no matching authorized monetary record verified,Legacy bc_baseline_mock_v1 supported by ITS JPO Benefits/Costs databases,https://www.itskrs.its.dot.gov/costs,,"Mock_Default value carried forward: $3,600,000.",Retained from bc_baseline_mock_v1. The legacy value scaled ITS JPO sample unit costs and cost ranges using assumed deployment quantities and annual growth; it is not an agency expenditure record.,Traffic signal systems; Detection and surveillance; Dynamic message signs; Work-zone ITS,3600000,Retained from bc_baseline_mock_v1. The legacy value scaled ITS JPO sample unit costs and cost ranges using assumed deployment quantities and annual growth; it is not an agency expenditure record.,Incremental growth reflects expanded urban ITS coverage and annual O&M growth.
Texas,2002,BC_Analysis_Default_v1,bc_existing_mobility_benefit,Existing Mobility Benefit,9200000,Mock_Default,true,State-year model baseline; no matching authorized monetary record verified,Legacy bc_baseline_mock_v1 supported by ITS JPO Benefits/Costs databases,https://www.itskrs.its.dot.gov/benefits,,"Mock_Default value carried forward: $9,200,000.",Retained from bc_baseline_mock_v1. The legacy value modeled annual benefit growth from comparable ITS JPO findings using assumed deployment exposure; it is not a measured state-year benefit.,Traffic signal control; Traffic incident management; Traveler information systems,9200000,Retained from bc_baseline_mock_v1. The legacy value modeled annual benefit growth from comparable ITS JPO findings using assumed deployment exposure; it is not a measured state-year benefit.,Incremental growth reflects expanded urban ITS coverage and annual O&M growth.
Texas,2002,BC_Analysis_Default_v1,bc_existing_safety_benefit,Existing Safety Benefit,5800000,Mock_Default,true,State-year model baseline; no matching authorized monetary record verified,Legacy bc_baseline_mock_v1 supported by ITS JPO Benefits/Costs databases,https://www.itskrs.its.dot.gov/benefits,,"Mock_Default value carried forward: $5,800,000.",Retained from bc_baseline_mock_v1. The legacy value modeled annual benefit growth from comparable ITS JPO findings using assumed deployment exposure; it is not a measured state-year benefit.,Traffic incident management; Work-zone ITS and queue warning; Speed management,5800000,Retained from bc_baseline_mock_v1. The legacy value modeled annual benefit growth from comparable ITS JPO findings using assumed deployment exposure; it is not a measured state-year benefit.,Incremental growth reflects expanded urban ITS coverage and annual O&M growth.
Texas,2002,BC_Analysis_Default_v1,bc_existing_environment_benefit,Existing Environmental Benefit,460000,Mock_Default,true,State-year model baseline; no matching authorized monetary record verified,Legacy bc_baseline_mock_v1 supported by ITS JPO Benefits/Costs databases,https://www.itskrs.its.dot.gov/benefits,,"Mock_Default value carried forward: $460,000.",Retained from bc_baseline_mock_v1. The legacy value modeled annual benefit growth from comparable ITS JPO findings using assumed deployment exposure; it is not a measured state-year benefit.,Traffic signal control; Ramp metering; Traffic management center operations,460000,Retained from bc_baseline_mock_v1. The legacy value modeled annual benefit growth from comparable ITS JPO findings using assumed deployment exposure; it is not a measured state-year benefit.,Incremental growth reflects expanded urban ITS coverage and annual O&M growth.
Texas,2002,BC_Analysis_Default_v1,bc_new_mobility_benefit,New Mobility Benefit,1300000,Mock_Default,true,State-year model baseline; no matching authorized monetary record verified,Legacy bc_baseline_mock_v1 supported by ITS JPO Benefits/Costs databases,https://www.itskrs.its.dot.gov/benefits,,"Mock_Default value carried forward: $1,300,000.",Retained from bc_baseline_mock_v1. The legacy value modeled annual benefit growth from comparable ITS JPO findings using assumed deployment exposure; it is not a measured state-year benefit.,Adaptive traffic signal control; Traveler information systems; Active traffic management,1300000,Retained from bc_baseline_mock_v1. The legacy value modeled annual benefit growth from comparable ITS JPO findings using assumed deployment exposure; it is not a measured state-year benefit.,Incremental growth reflects expanded urban ITS coverage and annual O&M growth.
Texas,2002,BC_Analysis_Default_v1,bc_new_safety_benefit,New Safety Benefit,970000,Mock_Default,true,State-year model baseline; no matching authorized monetary record verified,Legacy bc_baseline_mock_v1 supported by ITS JPO Benefits/Costs databases,https://www.itskrs.its.dot.gov/benefits,,"Mock_Default value carried forward: $970,000.",Retained from bc_baseline_mock_v1. The legacy value modeled annual benefit growth from comparable ITS JPO findings using assumed deployment exposure; it is not a measured state-year benefit.,Work-zone ITS and queue warning; Variable speed limits; Emergency vehicle preemption,970000,Retained from bc_baseline_mock_v1. The legacy value modeled annual benefit growth from comparable ITS JPO findings using assumed deployment exposure; it is not a measured state-year benefit.,Incremental growth reflects expanded urban ITS coverage and annual O&M growth.
Texas,2002,BC_Analysis_Default_v1,bc_new_environment_benefit,New Environmental Benefit,65000,Mock_Default,true,State-year model baseline; no matching authorized monetary record verified,Legacy bc_baseline_mock_v1 supported by ITS JPO Benefits/Costs databases,https://www.itskrs.its.dot.gov/benefits,,"Mock_Default value carried forward: $65,000.",Retained from bc_baseline_mock_v1. The legacy value modeled annual benefit growth from comparable ITS JPO findings using assumed deployment exposure; it is not a measured state-year benefit.,Adaptive traffic signal control; Speed harmonization; Connected-vehicle applications,65000,Retained from bc_baseline_mock_v1. The legacy value modeled annual benefit growth from comparable ITS JPO findings using assumed deployment exposure; it is not a measured state-year benefit.,Incremental growth reflects expanded urban ITS coverage and annual O&M growth.
Texas,2002,BC_Analysis_Default_v1,bc_existing_om_cost_total,Existing ITS O&M Cost,7100000,Mock_Default,true,State-year model baseline; no matching authorized monetary record verified,Legacy bc_baseline_mock_v1 supported by ITS JPO Benefits/Costs databases,https://www.itskrs.its.dot.gov/costs,,"Mock_Default value carried forward: $7,100,000.",Retained from bc_baseline_mock_v1. The legacy value scaled ITS JPO sample unit costs and cost ranges using assumed deployment quantities and annual growth; it is not an agency expenditure record.,Traffic management centers; ITS field devices; Communications systems; Traffic signal systems,7100000,Retained from bc_baseline_mock_v1. The legacy value scaled ITS JPO sample unit costs and cost ranges using assumed deployment quantities and annual growth; it is not an agency expenditure record.,Incremental growth reflects expanded urban ITS coverage and annual O&M growth.
Texas,2002,BC_Analysis_Default_v1,bc_new_cost_total,New ITS Deployment Cost,3700000,Mock_Default,true,State-year model baseline; no matching authorized monetary record verified,Legacy bc_baseline_mock_v1 supported by ITS JPO Benefits/Costs databases,https://www.itskrs.its.dot.gov/costs,,"Mock_Default value carried forward: $3,700,000.",Retained from bc_baseline_mock_v1. The legacy value scaled ITS JPO sample unit costs and cost ranges using assumed deployment quantities and annual growth; it is not an agency expenditure record.,Traffic signal systems; Detection and surveillance; Dynamic message signs; Work-zone ITS,3700000,Retained from bc_baseline_mock_v1. The legacy value scaled ITS JPO sample unit costs and cost ranges using assumed deployment quantities and annual growth; it is not an agency expenditure record.,Incremental growth reflects expanded urban ITS coverage and annual O&M growth.
Texas,2003,BC_Analysis_Default_v1,bc_existing_mobility_benefit,Existing Mobility Benefit,9800000,Mock_Default,true,State-year model baseline; no matching authorized monetary record verified,Legacy bc_baseline_mock_v1 supported by ITS JPO Benefits/Costs databases,https://www.itskrs.its.dot.gov/benefits,,"Mock_Default value carried forward: $9,800,000.",Retained from bc_baseline_mock_v1. The legacy value modeled annual benefit growth from comparable ITS JPO findings using assumed deployment exposure; it is not a measured state-year benefit.,Traffic signal control; Traffic incident management; Traveler information systems,9800000,Retained from bc_baseline_mock_v1. The legacy value modeled annual benefit growth from comparable ITS JPO findings using assumed deployment exposure; it is not a measured state-year benefit.,Incremental growth reflects expanded urban ITS coverage and annual O&M growth.
Texas,2003,BC_Analysis_Default_v1,bc_existing_safety_benefit,Existing Safety Benefit,6200000,Mock_Default,true,State-year model baseline; no matching authorized monetary record verified,Legacy bc_baseline_mock_v1 supported by ITS JPO Benefits/Costs databases,https://www.itskrs.its.dot.gov/benefits,,"Mock_Default value carried forward: $6,200,000.",Retained from bc_baseline_mock_v1. The legacy value modeled annual benefit growth from comparable ITS JPO findings using assumed deployment exposure; it is not a measured state-year benefit.,Traffic incident management; Work-zone ITS and queue warning; Speed management,6200000,Retained from bc_baseline_mock_v1. The legacy value modeled annual benefit growth from comparable ITS JPO findings using assumed deployment exposure; it is not a measured state-year benefit.,Incremental growth reflects expanded urban ITS coverage and annual O&M growth.
Texas,2003,BC_Analysis_Default_v1,bc_existing_environment_benefit,Existing Environmental Benefit,500000,Mock_Default,true,State-year model baseline; no matching authorized monetary record verified,Legacy bc_baseline_mock_v1 supported by ITS JPO Benefits/Costs databases,https://www.itskrs.its.dot.gov/benefits,,"Mock_Default value carried forward: $500,000.",Retained from bc_baseline_mock_v1. The legacy value modeled annual benefit growth from comparable ITS JPO findings using assumed deployment exposure; it is not a measured state-year benefit.,Traffic signal control; Ramp metering; Traffic management center operations,500000,Retained from bc_baseline_mock_v1. The legacy value modeled annual benefit growth from comparable ITS JPO findings using assumed deployment exposure; it is not a measured state-year benefit.,Incremental growth reflects expanded urban ITS coverage and annual O&M growth.
Texas,2003,BC_Analysis_Default_v1,bc_new_mobility_benefit,New Mobility Benefit,1400000,Mock_Default,true,State-year model baseline; no matching authorized monetary record verified,Legacy bc_baseline_mock_v1 supported by ITS JPO Benefits/Costs databases,https://www.itskrs.its.dot.gov/benefits,,"Mock_Default value carried forward: $1,400,000.",Retained from bc_baseline_mock_v1. The legacy value modeled annual benefit growth from comparable ITS JPO findings using assumed deployment exposure; it is not a measured state-year benefit.,Adaptive traffic signal control; Traveler information systems; Active traffic management,1400000,Retained from bc_baseline_mock_v1. The legacy value modeled annual benefit growth from comparable ITS JPO findings using assumed deployment exposure; it is not a measured state-year benefit.,Incremental growth reflects expanded urban ITS coverage and annual O&M growth.
Texas,2003,BC_Analysis_Default_v1,bc_new_safety_benefit,New Safety Benefit,1050000,Mock_Default,true,State-year model baseline; no matching authorized monetary record verified,Legacy bc_baseline_mock_v1 supported by ITS JPO Benefits/Costs databases,https://www.itskrs.its.dot.gov/benefits,,"Mock_Default value carried forward: $1,050,000.",Retained from bc_baseline_mock_v1. The legacy value modeled annual benefit growth from comparable ITS JPO findings using assumed deployment exposure; it is not a measured state-year benefit.,Work-zone ITS and queue warning; Variable speed limits; Emergency vehicle preemption,1050000,Retained from bc_baseline_mock_v1. The legacy value modeled annual benefit growth from comparable ITS JPO findings using assumed deployment exposure; it is not a measured state-year benefit.,Incremental growth reflects expanded urban ITS coverage and annual O&M growth.
Texas,2003,BC_Analysis_Default_v1,bc_new_environment_benefit,New Environmental Benefit,70000,Mock_Default,true,State-year model baseline; no matching authorized monetary record verified,Legacy bc_baseline_mock_v1 supported by ITS JPO Benefits/Costs databases,https://www.itskrs.its.dot.gov/benefits,,"Mock_Default value carried forward: $70,000.",Retained from bc_baseline_mock_v1. The legacy value modeled annual benefit growth from comparable ITS JPO findings using assumed deployment exposure; it is not a measured state-year benefit.,Adaptive traffic signal control; Speed harmonization; Connected-vehicle applications,70000,Retained from bc_baseline_mock_v1. The legacy value modeled annual benefit growth from comparable ITS JPO findings using assumed deployment exposure; it is not a measured state-year benefit.,Incremental growth reflects expanded urban ITS coverage and annual O&M growth.
Texas,2003,BC_Analysis_Default_v1,bc_existing_om_cost_total,Existing ITS O&M Cost,7600000,Mock_Default,true,State-year model baseline; no matching authorized monetary record verified,Legacy bc_baseline_mock_v1 supported by ITS JPO Benefits/Costs databases,https://www.itskrs.its.dot.gov/costs,,"Mock_Default value carried forward: $7,600,000.",Retained from bc_baseline_mock_v1. The legacy value scaled ITS JPO sample unit costs and cost ranges using assumed deployment quantities and annual growth; it is not an agency expenditure record.,Traffic management centers; ITS field devices; Communications systems; Traffic signal systems,7600000,Retained from bc_baseline_mock_v1. The legacy value scaled ITS JPO sample unit costs and cost ranges using assumed deployment quantities and annual growth; it is not an agency expenditure record.,Incremental growth reflects expanded urban ITS coverage and annual O&M growth.
Texas,2003,BC_Analysis_Default_v1,bc_new_cost_total,New ITS Deployment Cost,3900000,Mock_Default,true,State-year model baseline; no matching authorized monetary record verified,Legacy bc_baseline_mock_v1 supported by ITS JPO Benefits/Costs databases,https://www.itskrs.its.dot.gov/costs,,"Mock_Default value carried forward: $3,900,000.",Retained from bc_baseline_mock_v1. The legacy value scaled ITS JPO sample unit costs and cost ranges using assumed deployment quantities and annual growth; it is not an agency expenditure record.,Traffic signal systems; Detection and surveillance; Dynamic message signs; Work-zone ITS,3900000,Retained from bc_baseline_mock_v1. The legacy value scaled ITS JPO sample unit costs and cost ranges using assumed deployment quantities and annual growth; it is not an agency expenditure record.,Incremental growth reflects expanded urban ITS coverage and annual O&M growth.
Texas,2004,BC_Analysis_Default_v1,bc_existing_mobility_benefit,Existing Mobility Benefit,10500000,Mock_Default,true,State-year model baseline; no matching authorized monetary record verified,Legacy bc_baseline_mock_v1 supported by ITS JPO Benefits/Costs databases,https://www.itskrs.its.dot.gov/benefits,,"Mock_Default value carried forward: $10,500,000.",Retained from bc_baseline_mock_v1. The legacy value modeled annual benefit growth from comparable ITS JPO findings using assumed deployment exposure; it is not a measured state-year benefit.,Traffic signal control; Traffic incident management; Traveler information systems,10500000,Retained from bc_baseline_mock_v1. The legacy value modeled annual benefit growth from comparable ITS JPO findings using assumed deployment exposure; it is not a measured state-year benefit.,Expanded freeway management and traffic operations benefits modeled conservatively.
Texas,2004,BC_Analysis_Default_v1,bc_existing_safety_benefit,Existing Safety Benefit,6700000,Mock_Default,true,State-year model baseline; no matching authorized monetary record verified,Legacy bc_baseline_mock_v1 supported by ITS JPO Benefits/Costs databases,https://www.itskrs.its.dot.gov/benefits,,"Mock_Default value carried forward: $6,700,000.",Retained from bc_baseline_mock_v1. The legacy value modeled annual benefit growth from comparable ITS JPO findings using assumed deployment exposure; it is not a measured state-year benefit.,Traffic incident management; Work-zone ITS and queue warning; Speed management,6700000,Retained from bc_baseline_mock_v1. The legacy value modeled annual benefit growth from comparable ITS JPO findings using assumed deployment exposure; it is not a measured state-year benefit.,Expanded freeway management and traffic operations benefits modeled conservatively.
Texas,2004,BC_Analysis_Default_v1,bc_existing_environment_benefit,Existing Environmental Benefit,540000,Mock_Default,true,State-year model baseline; no matching authorized monetary record verified,Legacy bc_baseline_mock_v1 supported by ITS JPO Benefits/Costs databases,https://www.itskrs.its.dot.gov/benefits,,"Mock_Default value carried forward: $540,000.",Retained from bc_baseline_mock_v1. The legacy value modeled annual benefit growth from comparable ITS JPO findings using assumed deployment exposure; it is not a measured state-year benefit.,Traffic signal control; Ramp metering; Traffic management center operations,540000,Retained from bc_baseline_mock_v1. The legacy value modeled annual benefit growth from comparable ITS JPO findings using assumed deployment exposure; it is not a measured state-year benefit.,Expanded freeway management and traffic operations benefits modeled conservatively.
Texas,2004,BC_Analysis_Default_v1,bc_new_mobility_benefit,New Mobility Benefit,1500000,Mock_Default,true,State-year model baseline; no matching authorized monetary record verified,Legacy bc_baseline_mock_v1 supported by ITS JPO Benefits/Costs databases,https://www.itskrs.its.dot.gov/benefits,,"Mock_Default value carried forward: $1,500,000.",Retained from bc_baseline_mock_v1. The legacy value modeled annual benefit growth from comparable ITS JPO findings using assumed deployment exposure; it is not a measured state-year benefit.,Adaptive traffic signal control; Traveler information systems; Active traffic management,1500000,Retained from bc_baseline_mock_v1. The legacy value modeled annual benefit growth from comparable ITS JPO findings using assumed deployment exposure; it is not a measured state-year benefit.,Expanded freeway management and traffic operations benefits modeled conservatively.
Texas,2004,BC_Analysis_Default_v1,bc_new_safety_benefit,New Safety Benefit,1150000,Mock_Default,true,State-year model baseline; no matching authorized monetary record verified,Legacy bc_baseline_mock_v1 supported by ITS JPO Benefits/Costs databases,https://www.itskrs.its.dot.gov/benefits,,"Mock_Default value carried forward: $1,150,000.",Retained from bc_baseline_mock_v1. The legacy value modeled annual benefit growth from comparable ITS JPO findings using assumed deployment exposure; it is not a measured state-year benefit.,Work-zone ITS and queue warning; Variable speed limits; Emergency vehicle preemption,1150000,Retained from bc_baseline_mock_v1. The legacy value modeled annual benefit growth from comparable ITS JPO findings using assumed deployment exposure; it is not a measured state-year benefit.,Expanded freeway management and traffic operations benefits modeled conservatively.
Texas,2004,BC_Analysis_Default_v1,bc_new_environment_benefit,New Environmental Benefit,76000,Mock_Default,true,State-year model baseline; no matching authorized monetary record verified,Legacy bc_baseline_mock_v1 supported by ITS JPO Benefits/Costs databases,https://www.itskrs.its.dot.gov/benefits,,"Mock_Default value carried forward: $76,000.",Retained from bc_baseline_mock_v1. The legacy value modeled annual benefit growth from comparable ITS JPO findings using assumed deployment exposure; it is not a measured state-year benefit.,Adaptive traffic signal control; Speed harmonization; Connected-vehicle applications,76000,Retained from bc_baseline_mock_v1. The legacy value modeled annual benefit growth from comparable ITS JPO findings using assumed deployment exposure; it is not a measured state-year benefit.,Expanded freeway management and traffic operations benefits modeled conservatively.
Texas,2004,BC_Analysis_Default_v1,bc_existing_om_cost_total,Existing ITS O&M Cost,8000000,Mock_Default,true,State-year model baseline; no matching authorized monetary record verified,Legacy bc_baseline_mock_v1 supported by ITS JPO Benefits/Costs databases,https://www.itskrs.its.dot.gov/costs,,"Mock_Default value carried forward: $8,000,000.",Retained from bc_baseline_mock_v1. The legacy value scaled ITS JPO sample unit costs and cost ranges using assumed deployment quantities and annual growth; it is not an agency expenditure record.,Traffic management centers; ITS field devices; Communications systems; Traffic signal systems,8000000,Retained from bc_baseline_mock_v1. The legacy value scaled ITS JPO sample unit costs and cost ranges using assumed deployment quantities and annual growth; it is not an agency expenditure record.,Expanded freeway management and traffic operations benefits modeled conservatively.
Texas,2004,BC_Analysis_Default_v1,bc_new_cost_total,New ITS Deployment Cost,4200000,Mock_Default,true,State-year model baseline; no matching authorized monetary record verified,Legacy bc_baseline_mock_v1 supported by ITS JPO Benefits/Costs databases,https://www.itskrs.its.dot.gov/costs,,"Mock_Default value carried forward: $4,200,000.",Retained from bc_baseline_mock_v1. The legacy value scaled ITS JPO sample unit costs and cost ranges using assumed deployment quantities and annual growth; it is not an agency expenditure record.,Traffic signal systems; Detection and surveillance; Dynamic message signs; Work-zone ITS,4200000,Retained from bc_baseline_mock_v1. The legacy value scaled ITS JPO sample unit costs and cost ranges using assumed deployment quantities and annual growth; it is not an agency expenditure record.,Expanded freeway management and traffic operations benefits modeled conservatively.
Texas,2005,BC_Analysis_Default_v1,bc_existing_mobility_benefit,Existing Mobility Benefit,11300000,Mock_Default,true,State-year model baseline; no matching authorized monetary record verified,Legacy bc_baseline_mock_v1 supported by ITS JPO Benefits/Costs databases,https://www.itskrs.its.dot.gov/benefits,,"Mock_Default value carried forward: $11,300,000.",Retained from bc_baseline_mock_v1. The legacy value modeled annual benefit growth from comparable ITS JPO findings using assumed deployment exposure; it is not a measured state-year benefit.,Traffic signal control; Traffic incident management; Traveler information systems,11300000,Retained from bc_baseline_mock_v1. The legacy value modeled annual benefit growth from comparable ITS JPO findings using assumed deployment exposure; it is not a measured state-year benefit.,Expanded freeway management and traffic operations benefits modeled conservatively.
Texas,2005,BC_Analysis_Default_v1,bc_existing_safety_benefit,Existing Safety Benefit,7200000,Mock_Default,true,State-year model baseline; no matching authorized monetary record verified,Legacy bc_baseline_mock_v1 supported by ITS JPO Benefits/Costs databases,https://www.itskrs.its.dot.gov/benefits,,"Mock_Default value carried forward: $7,200,000.",Retained from bc_baseline_mock_v1. The legacy value modeled annual benefit growth from comparable ITS JPO findings using assumed deployment exposure; it is not a measured state-year benefit.,Traffic incident management; Work-zone ITS and queue warning; Speed management,7200000,Retained from bc_baseline_mock_v1. The legacy value modeled annual benefit growth from comparable ITS JPO findings using assumed deployment exposure; it is not a measured state-year benefit.,Expanded freeway management and traffic operations benefits modeled conservatively.
Texas,2005,BC_Analysis_Default_v1,bc_existing_environment_benefit,Existing Environmental Benefit,580000,Mock_Default,true,State-year model baseline; no matching authorized monetary record verified,Legacy bc_baseline_mock_v1 supported by ITS JPO Benefits/Costs databases,https://www.itskrs.its.dot.gov/benefits,,"Mock_Default value carried forward: $580,000.",Retained from bc_baseline_mock_v1. The legacy value modeled annual benefit growth from comparable ITS JPO findings using assumed deployment exposure; it is not a measured state-year benefit.,Traffic signal control; Ramp metering; Traffic management center operations,580000,Retained from bc_baseline_mock_v1. The legacy value modeled annual benefit growth from comparable ITS JPO findings using assumed deployment exposure; it is not a measured state-year benefit.,Expanded freeway management and traffic operations benefits modeled conservatively.
Texas,2005,BC_Analysis_Default_v1,bc_new_mobility_benefit,New Mobility Benefit,1600000,Mock_Default,true,State-year model baseline; no matching authorized monetary record verified,Legacy bc_baseline_mock_v1 supported by ITS JPO Benefits/Costs databases,https://www.itskrs.its.dot.gov/benefits,,"Mock_Default value carried forward: $1,600,000.",Retained from bc_baseline_mock_v1. The legacy value modeled annual benefit growth from comparable ITS JPO findings using assumed deployment exposure; it is not a measured state-year benefit.,Adaptive traffic signal control; Traveler information systems; Active traffic management,1600000,Retained from bc_baseline_mock_v1. The legacy value modeled annual benefit growth from comparable ITS JPO findings using assumed deployment exposure; it is not a measured state-year benefit.,Expanded freeway management and traffic operations benefits modeled conservatively.
Texas,2005,BC_Analysis_Default_v1,bc_new_safety_benefit,New Safety Benefit,1250000,Mock_Default,true,State-year model baseline; no matching authorized monetary record verified,Legacy bc_baseline_mock_v1 supported by ITS JPO Benefits/Costs databases,https://www.itskrs.its.dot.gov/benefits,,"Mock_Default value carried forward: $1,250,000.",Retained from bc_baseline_mock_v1. The legacy value modeled annual benefit growth from comparable ITS JPO findings using assumed deployment exposure; it is not a measured state-year benefit.,Work-zone ITS and queue warning; Variable speed limits; Emergency vehicle preemption,1250000,Retained from bc_baseline_mock_v1. The legacy value modeled annual benefit growth from comparable ITS JPO findings using assumed deployment exposure; it is not a measured state-year benefit.,Expanded freeway management and traffic operations benefits modeled conservatively.
Texas,2005,BC_Analysis_Default_v1,bc_new_environment_benefit,New Environmental Benefit,83000,Mock_Default,true,State-year model baseline; no matching authorized monetary record verified,Legacy bc_baseline_mock_v1 supported by ITS JPO Benefits/Costs databases,https://www.itskrs.its.dot.gov/benefits,,"Mock_Default value carried forward: $83,000.",Retained from bc_baseline_mock_v1. The legacy value modeled annual benefit growth from comparable ITS JPO findings using assumed deployment exposure; it is not a measured state-year benefit.,Adaptive traffic signal control; Speed harmonization; Connected-vehicle applications,83000,Retained from bc_baseline_mock_v1. The legacy value modeled annual benefit growth from comparable ITS JPO findings using assumed deployment exposure; it is not a measured state-year benefit.,Expanded freeway management and traffic operations benefits modeled conservatively.
Texas,2005,BC_Analysis_Default_v1,bc_existing_om_cost_total,Existing ITS O&M Cost,8500000,Mock_Default,true,State-year model baseline; no matching authorized monetary record verified,Legacy bc_baseline_mock_v1 supported by ITS JPO Benefits/Costs databases,https://www.itskrs.its.dot.gov/costs,,"Mock_Default value carried forward: $8,500,000.",Retained from bc_baseline_mock_v1. The legacy value scaled ITS JPO sample unit costs and cost ranges using assumed deployment quantities and annual growth; it is not an agency expenditure record.,Traffic management centers; ITS field devices; Communications systems; Traffic signal systems,8500000,Retained from bc_baseline_mock_v1. The legacy value scaled ITS JPO sample unit costs and cost ranges using assumed deployment quantities and annual growth; it is not an agency expenditure record.,Expanded freeway management and traffic operations benefits modeled conservatively.
Texas,2005,BC_Analysis_Default_v1,bc_new_cost_total,New ITS Deployment Cost,4500000,Mock_Default,true,State-year model baseline; no matching authorized monetary record verified,Legacy bc_baseline_mock_v1 supported by ITS JPO Benefits/Costs databases,https://www.itskrs.its.dot.gov/costs,,"Mock_Default value carried forward: $4,500,000.",Retained from bc_baseline_mock_v1. The legacy value scaled ITS JPO sample unit costs and cost ranges using assumed deployment quantities and annual growth; it is not an agency expenditure record.,Traffic signal systems; Detection and surveillance; Dynamic message signs; Work-zone ITS,4500000,Retained from bc_baseline_mock_v1. The legacy value scaled ITS JPO sample unit costs and cost ranges using assumed deployment quantities and annual growth; it is not an agency expenditure record.,Expanded freeway management and traffic operations benefits modeled conservatively.
Texas,2006,BC_Analysis_Default_v1,bc_existing_mobility_benefit,Existing Mobility Benefit,12200000,Mock_Default,true,State-year model baseline; no matching authorized monetary record verified,Legacy bc_baseline_mock_v1 supported by ITS JPO Benefits/Costs databases,https://www.itskrs.its.dot.gov/benefits,,"Mock_Default value carried forward: $12,200,000.",Retained from bc_baseline_mock_v1. The legacy value modeled annual benefit growth from comparable ITS JPO findings using assumed deployment exposure; it is not a measured state-year benefit.,Traffic signal control; Traffic incident management; Traveler information systems,12200000,Retained from bc_baseline_mock_v1. The legacy value modeled annual benefit growth from comparable ITS JPO findings using assumed deployment exposure; it is not a measured state-year benefit.,Added signal and detection deployments increase both mobility benefit and deployment cost.
Texas,2006,BC_Analysis_Default_v1,bc_existing_safety_benefit,Existing Safety Benefit,7800000,Mock_Default,true,State-year model baseline; no matching authorized monetary record verified,Legacy bc_baseline_mock_v1 supported by ITS JPO Benefits/Costs databases,https://www.itskrs.its.dot.gov/benefits,,"Mock_Default value carried forward: $7,800,000.",Retained from bc_baseline_mock_v1. The legacy value modeled annual benefit growth from comparable ITS JPO findings using assumed deployment exposure; it is not a measured state-year benefit.,Traffic incident management; Work-zone ITS and queue warning; Speed management,7800000,Retained from bc_baseline_mock_v1. The legacy value modeled annual benefit growth from comparable ITS JPO findings using assumed deployment exposure; it is not a measured state-year benefit.,Added signal and detection deployments increase both mobility benefit and deployment cost.
Texas,2006,BC_Analysis_Default_v1,bc_existing_environment_benefit,Existing Environmental Benefit,630000,Mock_Default,true,State-year model baseline; no matching authorized monetary record verified,Legacy bc_baseline_mock_v1 supported by ITS JPO Benefits/Costs databases,https://www.itskrs.its.dot.gov/benefits,,"Mock_Default value carried forward: $630,000.",Retained from bc_baseline_mock_v1. The legacy value modeled annual benefit growth from comparable ITS JPO findings using assumed deployment exposure; it is not a measured state-year benefit.,Traffic signal control; Ramp metering; Traffic management center operations,630000,Retained from bc_baseline_mock_v1. The legacy value modeled annual benefit growth from comparable ITS JPO findings using assumed deployment exposure; it is not a measured state-year benefit.,Added signal and detection deployments increase both mobility benefit and deployment cost.
Texas,2006,BC_Analysis_Default_v1,bc_new_mobility_benefit,New Mobility Benefit,577648,Exact_Dataset,false,State Highway 6 Houston corridor; project-level annual mobility benefit,Adaptive Control Software - LITE Before and After Traffic Analysis Report,https://www.itskrs.its.dot.gov/2015-b00991,2006,"$577,648 annual benefit from reduced delay, stops, and fuel consumption.",Used the annual benefit reported by FHWA from the before-and-after corridor evaluation.,Adaptive traffic signal control; Traffic signal timing optimization; Traffic monitoring,1750000,Retained from bc_baseline_mock_v1. The legacy value modeled annual benefit growth from comparable ITS JPO findings using assumed deployment exposure; it is not a measured state-year benefit.,Project-level result; not a statewide Texas benefit total.
Texas,2006,BC_Analysis_Default_v1,bc_new_safety_benefit,New Safety Benefit,1350000,Mock_Default,true,State-year model baseline; no matching authorized monetary record verified,Legacy bc_baseline_mock_v1 supported by ITS JPO Benefits/Costs databases,https://www.itskrs.its.dot.gov/benefits,,"Mock_Default value carried forward: $1,350,000.",Retained from bc_baseline_mock_v1. The legacy value modeled annual benefit growth from comparable ITS JPO findings using assumed deployment exposure; it is not a measured state-year benefit.,Work-zone ITS and queue warning; Variable speed limits; Emergency vehicle preemption,1350000,Retained from bc_baseline_mock_v1. The legacy value modeled annual benefit growth from comparable ITS JPO findings using assumed deployment exposure; it is not a measured state-year benefit.,Added signal and detection deployments increase both mobility benefit and deployment cost.
Texas,2006,BC_Analysis_Default_v1,bc_new_environment_benefit,New Environmental Benefit,90000,Mock_Default,true,State-year model baseline; no matching authorized monetary record verified,Legacy bc_baseline_mock_v1 supported by ITS JPO Benefits/Costs databases,https://www.itskrs.its.dot.gov/benefits,,"Mock_Default value carried forward: $90,000.",Retained from bc_baseline_mock_v1. The legacy value modeled annual benefit growth from comparable ITS JPO findings using assumed deployment exposure; it is not a measured state-year benefit.,Adaptive traffic signal control; Speed harmonization; Connected-vehicle applications,90000,Retained from bc_baseline_mock_v1. The legacy value modeled annual benefit growth from comparable ITS JPO findings using assumed deployment exposure; it is not a measured state-year benefit.,Added signal and detection deployments increase both mobility benefit and deployment cost.
Texas,2006,BC_Analysis_Default_v1,bc_existing_om_cost_total,Existing ITS O&M Cost,9000000,Mock_Default,true,State-year model baseline; no matching authorized monetary record verified,Legacy bc_baseline_mock_v1 supported by ITS JPO Benefits/Costs databases,https://www.itskrs.its.dot.gov/costs,,"Mock_Default value carried forward: $9,000,000.",Retained from bc_baseline_mock_v1. The legacy value scaled ITS JPO sample unit costs and cost ranges using assumed deployment quantities and annual growth; it is not an agency expenditure record.,Traffic management centers; ITS field devices; Communications systems; Traffic signal systems,9000000,Retained from bc_baseline_mock_v1. The legacy value scaled ITS JPO sample unit costs and cost ranges using assumed deployment quantities and annual growth; it is not an agency expenditure record.,Added signal and detection deployments increase both mobility benefit and deployment cost.
Texas,2006,BC_Analysis_Default_v1,bc_new_cost_total,New ITS Deployment Cost,4900000,Mock_Default,true,State-year model baseline; no matching authorized monetary record verified,Legacy bc_baseline_mock_v1 supported by ITS JPO Benefits/Costs databases,https://www.itskrs.its.dot.gov/costs,,"Mock_Default value carried forward: $4,900,000.",Retained from bc_baseline_mock_v1. The legacy value scaled ITS JPO sample unit costs and cost ranges using assumed deployment quantities and annual growth; it is not an agency expenditure record.,Traffic signal systems; Detection and surveillance; Dynamic message signs; Work-zone ITS,4900000,Retained from bc_baseline_mock_v1. The legacy value scaled ITS JPO sample unit costs and cost ranges using assumed deployment quantities and annual growth; it is not an agency expenditure record.,Added signal and detection deployments increase both mobility benefit and deployment cost.
Texas,2007,BC_Analysis_Default_v1,bc_existing_mobility_benefit,Existing Mobility Benefit,13200000,Mock_Default,true,State-year model baseline; no matching authorized monetary record verified,Legacy bc_baseline_mock_v1 supported by ITS JPO Benefits/Costs databases,https://www.itskrs.its.dot.gov/benefits,,"Mock_Default value carried forward: $13,200,000.",Retained from bc_baseline_mock_v1. The legacy value modeled annual benefit growth from comparable ITS JPO findings using assumed deployment exposure; it is not a measured state-year benefit.,Traffic signal control; Traffic incident management; Traveler information systems,13200000,Retained from bc_baseline_mock_v1. The legacy value modeled annual benefit growth from comparable ITS JPO findings using assumed deployment exposure; it is not a measured state-year benefit.,Added signal and detection deployments increase both mobility benefit and deployment cost.
Texas,2007,BC_Analysis_Default_v1,bc_existing_safety_benefit,Existing Safety Benefit,8500000,Mock_Default,true,State-year model baseline; no matching authorized monetary record verified,Legacy bc_baseline_mock_v1 supported by ITS JPO Benefits/Costs databases,https://www.itskrs.its.dot.gov/benefits,,"Mock_Default value carried forward: $8,500,000.",Retained from bc_baseline_mock_v1. The legacy value modeled annual benefit growth from comparable ITS JPO findings using assumed deployment exposure; it is not a measured state-year benefit.,Traffic incident management; Work-zone ITS and queue warning; Speed management,8500000,Retained from bc_baseline_mock_v1. The legacy value modeled annual benefit growth from comparable ITS JPO findings using assumed deployment exposure; it is not a measured state-year benefit.,Added signal and detection deployments increase both mobility benefit and deployment cost.
Texas,2007,BC_Analysis_Default_v1,bc_existing_environment_benefit,Existing Environmental Benefit,690000,Mock_Default,true,State-year model baseline; no matching authorized monetary record verified,Legacy bc_baseline_mock_v1 supported by ITS JPO Benefits/Costs databases,https://www.itskrs.its.dot.gov/benefits,,"Mock_Default value carried forward: $690,000.",Retained from bc_baseline_mock_v1. The legacy value modeled annual benefit growth from comparable ITS JPO findings using assumed deployment exposure; it is not a measured state-year benefit.,Traffic signal control; Ramp metering; Traffic management center operations,690000,Retained from bc_baseline_mock_v1. The legacy value modeled annual benefit growth from comparable ITS JPO findings using assumed deployment exposure; it is not a measured state-year benefit.,Added signal and detection deployments increase both mobility benefit and deployment cost.
Texas,2007,BC_Analysis_Default_v1,bc_new_mobility_benefit,New Mobility Benefit,1900000,Mock_Default,true,State-year model baseline; no matching authorized monetary record verified,Legacy bc_baseline_mock_v1 supported by ITS JPO Benefits/Costs databases,https://www.itskrs.its.dot.gov/benefits,,"Mock_Default value carried forward: $1,900,000.",Retained from bc_baseline_mock_v1. The legacy value modeled annual benefit growth from comparable ITS JPO findings using assumed deployment exposure; it is not a measured state-year benefit.,Adaptive traffic signal control; Traveler information systems; Active traffic management,1900000,Retained from bc_baseline_mock_v1. The legacy value modeled annual benefit growth from comparable ITS JPO findings using assumed deployment exposure; it is not a measured state-year benefit.,Added signal and detection deployments increase both mobility benefit and deployment cost.
Texas,2007,BC_Analysis_Default_v1,bc_new_safety_benefit,New Safety Benefit,1450000,Mock_Default,true,State-year model baseline; no matching authorized monetary record verified,Legacy bc_baseline_mock_v1 supported by ITS JPO Benefits/Costs databases,https://www.itskrs.its.dot.gov/benefits,,"Mock_Default value carried forward: $1,450,000.",Retained from bc_baseline_mock_v1. The legacy value modeled annual benefit growth from comparable ITS JPO findings using assumed deployment exposure; it is not a measured state-year benefit.,Work-zone ITS and queue warning; Variable speed limits; Emergency vehicle preemption,1450000,Retained from bc_baseline_mock_v1. The legacy value modeled annual benefit growth from comparable ITS JPO findings using assumed deployment exposure; it is not a measured state-year benefit.,Added signal and detection deployments increase both mobility benefit and deployment cost.
Texas,2007,BC_Analysis_Default_v1,bc_new_environment_benefit,New Environmental Benefit,98000,Mock_Default,true,State-year model baseline; no matching authorized monetary record verified,Legacy bc_baseline_mock_v1 supported by ITS JPO Benefits/Costs databases,https://www.itskrs.its.dot.gov/benefits,,"Mock_Default value carried forward: $98,000.",Retained from bc_baseline_mock_v1. The legacy value modeled annual benefit growth from comparable ITS JPO findings using assumed deployment exposure; it is not a measured state-year benefit.,Adaptive traffic signal control; Speed harmonization; Connected-vehicle applications,98000,Retained from bc_baseline_mock_v1. The legacy value modeled annual benefit growth from comparable ITS JPO findings using assumed deployment exposure; it is not a measured state-year benefit.,Added signal and detection deployments increase both mobility benefit and deployment cost.
Texas,2007,BC_Analysis_Default_v1,bc_existing_om_cost_total,Existing ITS O&M Cost,9600000,Mock_Default,true,State-year model baseline; no matching authorized monetary record verified,Legacy bc_baseline_mock_v1 supported by ITS JPO Benefits/Costs databases,https://www.itskrs.its.dot.gov/costs,,"Mock_Default value carried forward: $9,600,000.",Retained from bc_baseline_mock_v1. The legacy value scaled ITS JPO sample unit costs and cost ranges using assumed deployment quantities and annual growth; it is not an agency expenditure record.,Traffic management centers; ITS field devices; Communications systems; Traffic signal systems,9600000,Retained from bc_baseline_mock_v1. The legacy value scaled ITS JPO sample unit costs and cost ranges using assumed deployment quantities and annual growth; it is not an agency expenditure record.,Added signal and detection deployments increase both mobility benefit and deployment cost.
Texas,2007,BC_Analysis_Default_v1,bc_new_cost_total,New ITS Deployment Cost,5300000,Mock_Default,true,State-year model baseline; no matching authorized monetary record verified,Legacy bc_baseline_mock_v1 supported by ITS JPO Benefits/Costs databases,https://www.itskrs.its.dot.gov/costs,,"Mock_Default value carried forward: $5,300,000.",Retained from bc_baseline_mock_v1. The legacy value scaled ITS JPO sample unit costs and cost ranges using assumed deployment quantities and annual growth; it is not an agency expenditure record.,Traffic signal systems; Detection and surveillance; Dynamic message signs; Work-zone ITS,5300000,Retained from bc_baseline_mock_v1. The legacy value scaled ITS JPO sample unit costs and cost ranges using assumed deployment quantities and annual growth; it is not an agency expenditure record.,Added signal and detection deployments increase both mobility benefit and deployment cost.
Texas,2008,BC_Analysis_Default_v1,bc_existing_mobility_benefit,Existing Mobility Benefit,14300000,Mock_Default,true,State-year model baseline; no matching authorized monetary record verified,Legacy bc_baseline_mock_v1 supported by ITS JPO Benefits/Costs databases,https://www.itskrs.its.dot.gov/benefits,,"Mock_Default value carried forward: $14,300,000.",Retained from bc_baseline_mock_v1. The legacy value modeled annual benefit growth from comparable ITS JPO findings using assumed deployment exposure; it is not a measured state-year benefit.,Traffic signal control; Traffic incident management; Traveler information systems,14300000,Retained from bc_baseline_mock_v1. The legacy value modeled annual benefit growth from comparable ITS JPO findings using assumed deployment exposure; it is not a measured state-year benefit.,Costs reflect ITS unit-cost database ranges and inflation-adjusted capital components.
Texas,2008,BC_Analysis_Default_v1,bc_existing_safety_benefit,Existing Safety Benefit,9300000,Mock_Default,true,State-year model baseline; no matching authorized monetary record verified,Legacy bc_baseline_mock_v1 supported by ITS JPO Benefits/Costs databases,https://www.itskrs.its.dot.gov/benefits,,"Mock_Default value carried forward: $9,300,000.",Retained from bc_baseline_mock_v1. The legacy value modeled annual benefit growth from comparable ITS JPO findings using assumed deployment exposure; it is not a measured state-year benefit.,Traffic incident management; Work-zone ITS and queue warning; Speed management,9300000,Retained from bc_baseline_mock_v1. The legacy value modeled annual benefit growth from comparable ITS JPO findings using assumed deployment exposure; it is not a measured state-year benefit.,Costs reflect ITS unit-cost database ranges and inflation-adjusted capital components.
Texas,2008,BC_Analysis_Default_v1,bc_existing_environment_benefit,Existing Environmental Benefit,760000,Mock_Default,true,State-year model baseline; no matching authorized monetary record verified,Legacy bc_baseline_mock_v1 supported by ITS JPO Benefits/Costs databases,https://www.itskrs.its.dot.gov/benefits,,"Mock_Default value carried forward: $760,000.",Retained from bc_baseline_mock_v1. The legacy value modeled annual benefit growth from comparable ITS JPO findings using assumed deployment exposure; it is not a measured state-year benefit.,Traffic signal control; Ramp metering; Traffic management center operations,760000,Retained from bc_baseline_mock_v1. The legacy value modeled annual benefit growth from comparable ITS JPO findings using assumed deployment exposure; it is not a measured state-year benefit.,Costs reflect ITS unit-cost database ranges and inflation-adjusted capital components.
Texas,2008,BC_Analysis_Default_v1,bc_new_mobility_benefit,New Mobility Benefit,2050000,Mock_Default,true,State-year model baseline; no matching authorized monetary record verified,Legacy bc_baseline_mock_v1 supported by ITS JPO Benefits/Costs databases,https://www.itskrs.its.dot.gov/benefits,,"Mock_Default value carried forward: $2,050,000.",Retained from bc_baseline_mock_v1. The legacy value modeled annual benefit growth from comparable ITS JPO findings using assumed deployment exposure; it is not a measured state-year benefit.,Adaptive traffic signal control; Traveler information systems; Active traffic management,2050000,Retained from bc_baseline_mock_v1. The legacy value modeled annual benefit growth from comparable ITS JPO findings using assumed deployment exposure; it is not a measured state-year benefit.,Costs reflect ITS unit-cost database ranges and inflation-adjusted capital components.
Texas,2008,BC_Analysis_Default_v1,bc_new_safety_benefit,New Safety Benefit,1550000,Mock_Default,true,State-year model baseline; no matching authorized monetary record verified,Legacy bc_baseline_mock_v1 supported by ITS JPO Benefits/Costs databases,https://www.itskrs.its.dot.gov/benefits,,"Mock_Default value carried forward: $1,550,000.",Retained from bc_baseline_mock_v1. The legacy value modeled annual benefit growth from comparable ITS JPO findings using assumed deployment exposure; it is not a measured state-year benefit.,Work-zone ITS and queue warning; Variable speed limits; Emergency vehicle preemption,1550000,Retained from bc_baseline_mock_v1. The legacy value modeled annual benefit growth from comparable ITS JPO findings using assumed deployment exposure; it is not a measured state-year benefit.,Costs reflect ITS unit-cost database ranges and inflation-adjusted capital components.
Texas,2008,BC_Analysis_Default_v1,bc_new_environment_benefit,New Environmental Benefit,106000,Mock_Default,true,State-year model baseline; no matching authorized monetary record verified,Legacy bc_baseline_mock_v1 supported by ITS JPO Benefits/Costs databases,https://www.itskrs.its.dot.gov/benefits,,"Mock_Default value carried forward: $106,000.",Retained from bc_baseline_mock_v1. The legacy value modeled annual benefit growth from comparable ITS JPO findings using assumed deployment exposure; it is not a measured state-year benefit.,Adaptive traffic signal control; Speed harmonization; Connected-vehicle applications,106000,Retained from bc_baseline_mock_v1. The legacy value modeled annual benefit growth from comparable ITS JPO findings using assumed deployment exposure; it is not a measured state-year benefit.,Costs reflect ITS unit-cost database ranges and inflation-adjusted capital components.
Texas,2008,BC_Analysis_Default_v1,bc_existing_om_cost_total,Existing ITS O&M Cost,10400000,Mock_Default,true,State-year model baseline; no matching authorized monetary record verified,Legacy bc_baseline_mock_v1 supported by ITS JPO Benefits/Costs databases,https://www.itskrs.its.dot.gov/costs,,"Mock_Default value carried forward: $10,400,000.",Retained from bc_baseline_mock_v1. The legacy value scaled ITS JPO sample unit costs and cost ranges using assumed deployment quantities and annual growth; it is not an agency expenditure record.,Traffic management centers; ITS field devices; Communications systems; Traffic signal systems,10400000,Retained from bc_baseline_mock_v1. The legacy value scaled ITS JPO sample unit costs and cost ranges using assumed deployment quantities and annual growth; it is not an agency expenditure record.,Costs reflect ITS unit-cost database ranges and inflation-adjusted capital components.
Texas,2008,BC_Analysis_Default_v1,bc_new_cost_total,New ITS Deployment Cost,5700000,Mock_Default,true,State-year model baseline; no matching authorized monetary record verified,Legacy bc_baseline_mock_v1 supported by ITS JPO Benefits/Costs databases,https://www.itskrs.its.dot.gov/costs,,"Mock_Default value carried forward: $5,700,000.",Retained from bc_baseline_mock_v1. The legacy value scaled ITS JPO sample unit costs and cost ranges using assumed deployment quantities and annual growth; it is not an agency expenditure record.,Traffic signal systems; Detection and surveillance; Dynamic message signs; Work-zone ITS,5700000,Retained from bc_baseline_mock_v1. The legacy value scaled ITS JPO sample unit costs and cost ranges using assumed deployment quantities and annual growth; it is not an agency expenditure record.,Costs reflect ITS unit-cost database ranges and inflation-adjusted capital components.
Texas,2009,BC_Analysis_Default_v1,bc_existing_mobility_benefit,Existing Mobility Benefit,15400000,Mock_Default,true,State-year model baseline; no matching authorized monetary record verified,Legacy bc_baseline_mock_v1 supported by ITS JPO Benefits/Costs databases,https://www.itskrs.its.dot.gov/benefits,,"Mock_Default value carried forward: $15,400,000.",Retained from bc_baseline_mock_v1. The legacy value modeled annual benefit growth from comparable ITS JPO findings using assumed deployment exposure; it is not a measured state-year benefit.,Traffic signal control; Traffic incident management; Traveler information systems,15400000,Retained from bc_baseline_mock_v1. The legacy value modeled annual benefit growth from comparable ITS JPO findings using assumed deployment exposure; it is not a measured state-year benefit.,Costs reflect ITS unit-cost database ranges and inflation-adjusted capital components.
Texas,2009,BC_Analysis_Default_v1,bc_existing_safety_benefit,Existing Safety Benefit,10100000,Mock_Default,true,State-year model baseline; no matching authorized monetary record verified,Legacy bc_baseline_mock_v1 supported by ITS JPO Benefits/Costs databases,https://www.itskrs.its.dot.gov/benefits,,"Mock_Default value carried forward: $10,100,000.",Retained from bc_baseline_mock_v1. The legacy value modeled annual benefit growth from comparable ITS JPO findings using assumed deployment exposure; it is not a measured state-year benefit.,Traffic incident management; Work-zone ITS and queue warning; Speed management,10100000,Retained from bc_baseline_mock_v1. The legacy value modeled annual benefit growth from comparable ITS JPO findings using assumed deployment exposure; it is not a measured state-year benefit.,Costs reflect ITS unit-cost database ranges and inflation-adjusted capital components.
Texas,2009,BC_Analysis_Default_v1,bc_existing_environment_benefit,Existing Environmental Benefit,830000,Mock_Default,true,State-year model baseline; no matching authorized monetary record verified,Legacy bc_baseline_mock_v1 supported by ITS JPO Benefits/Costs databases,https://www.itskrs.its.dot.gov/benefits,,"Mock_Default value carried forward: $830,000.",Retained from bc_baseline_mock_v1. The legacy value modeled annual benefit growth from comparable ITS JPO findings using assumed deployment exposure; it is not a measured state-year benefit.,Traffic signal control; Ramp metering; Traffic management center operations,830000,Retained from bc_baseline_mock_v1. The legacy value modeled annual benefit growth from comparable ITS JPO findings using assumed deployment exposure; it is not a measured state-year benefit.,Costs reflect ITS unit-cost database ranges and inflation-adjusted capital components.
Texas,2009,BC_Analysis_Default_v1,bc_new_mobility_benefit,New Mobility Benefit,2200000,Mock_Default,true,State-year model baseline; no matching authorized monetary record verified,Legacy bc_baseline_mock_v1 supported by ITS JPO Benefits/Costs databases,https://www.itskrs.its.dot.gov/benefits,,"Mock_Default value carried forward: $2,200,000.",Retained from bc_baseline_mock_v1. The legacy value modeled annual benefit growth from comparable ITS JPO findings using assumed deployment exposure; it is not a measured state-year benefit.,Adaptive traffic signal control; Traveler information systems; Active traffic management,2200000,Retained from bc_baseline_mock_v1. The legacy value modeled annual benefit growth from comparable ITS JPO findings using assumed deployment exposure; it is not a measured state-year benefit.,Costs reflect ITS unit-cost database ranges and inflation-adjusted capital components.
Texas,2009,BC_Analysis_Default_v1,bc_new_safety_benefit,New Safety Benefit,1650000,Mock_Default,true,State-year model baseline; no matching authorized monetary record verified,Legacy bc_baseline_mock_v1 supported by ITS JPO Benefits/Costs databases,https://www.itskrs.its.dot.gov/benefits,,"Mock_Default value carried forward: $1,650,000.",Retained from bc_baseline_mock_v1. The legacy value modeled annual benefit growth from comparable ITS JPO findings using assumed deployment exposure; it is not a measured state-year benefit.,Work-zone ITS and queue warning; Variable speed limits; Emergency vehicle preemption,1650000,Retained from bc_baseline_mock_v1. The legacy value modeled annual benefit growth from comparable ITS JPO findings using assumed deployment exposure; it is not a measured state-year benefit.,Costs reflect ITS unit-cost database ranges and inflation-adjusted capital components.
Texas,2009,BC_Analysis_Default_v1,bc_new_environment_benefit,New Environmental Benefit,115000,Mock_Default,true,State-year model baseline; no matching authorized monetary record verified,Legacy bc_baseline_mock_v1 supported by ITS JPO Benefits/Costs databases,https://www.itskrs.its.dot.gov/benefits,,"Mock_Default value carried forward: $115,000.",Retained from bc_baseline_mock_v1. The legacy value modeled annual benefit growth from comparable ITS JPO findings using assumed deployment exposure; it is not a measured state-year benefit.,Adaptive traffic signal control; Speed harmonization; Connected-vehicle applications,115000,Retained from bc_baseline_mock_v1. The legacy value modeled annual benefit growth from comparable ITS JPO findings using assumed deployment exposure; it is not a measured state-year benefit.,Costs reflect ITS unit-cost database ranges and inflation-adjusted capital components.
Texas,2009,BC_Analysis_Default_v1,bc_existing_om_cost_total,Existing ITS O&M Cost,11100000,Mock_Default,true,State-year model baseline; no matching authorized monetary record verified,Legacy bc_baseline_mock_v1 supported by ITS JPO Benefits/Costs databases,https://www.itskrs.its.dot.gov/costs,,"Mock_Default value carried forward: $11,100,000.",Retained from bc_baseline_mock_v1. The legacy value scaled ITS JPO sample unit costs and cost ranges using assumed deployment quantities and annual growth; it is not an agency expenditure record.,Traffic management centers; ITS field devices; Communications systems; Traffic signal systems,11100000,Retained from bc_baseline_mock_v1. The legacy value scaled ITS JPO sample unit costs and cost ranges using assumed deployment quantities and annual growth; it is not an agency expenditure record.,Costs reflect ITS unit-cost database ranges and inflation-adjusted capital components.
Texas,2009,BC_Analysis_Default_v1,bc_new_cost_total,New ITS Deployment Cost,6100000,Mock_Default,true,State-year model baseline; no matching authorized monetary record verified,Legacy bc_baseline_mock_v1 supported by ITS JPO Benefits/Costs databases,https://www.itskrs.its.dot.gov/costs,,"Mock_Default value carried forward: $6,100,000.",Retained from bc_baseline_mock_v1. The legacy value scaled ITS JPO sample unit costs and cost ranges using assumed deployment quantities and annual growth; it is not an agency expenditure record.,Traffic signal systems; Detection and surveillance; Dynamic message signs; Work-zone ITS,6100000,Retained from bc_baseline_mock_v1. The legacy value scaled ITS JPO sample unit costs and cost ranges using assumed deployment quantities and annual growth; it is not an agency expenditure record.,Costs reflect ITS unit-cost database ranges and inflation-adjusted capital components.
Texas,2010,BC_Analysis_Default_v1,bc_existing_mobility_benefit,Existing Mobility Benefit,16600000,Mock_Default,true,State-year model baseline; no matching authorized monetary record verified,Legacy bc_baseline_mock_v1 supported by ITS JPO Benefits/Costs databases,https://www.itskrs.its.dot.gov/benefits,,"Mock_Default value carried forward: $16,600,000.",Retained from bc_baseline_mock_v1. The legacy value modeled annual benefit growth from comparable ITS JPO findings using assumed deployment exposure; it is not a measured state-year benefit.,Traffic signal control; Traffic incident management; Traveler information systems,16600000,Retained from bc_baseline_mock_v1. The legacy value modeled annual benefit growth from comparable ITS JPO findings using assumed deployment exposure; it is not a measured state-year benefit.,Smart corridor and incident management benefits modeled from ITS JPO benefit patterns.
Texas,2010,BC_Analysis_Default_v1,bc_existing_safety_benefit,Existing Safety Benefit,11000000,Mock_Default,true,State-year model baseline; no matching authorized monetary record verified,Legacy bc_baseline_mock_v1 supported by ITS JPO Benefits/Costs databases,https://www.itskrs.its.dot.gov/benefits,,"Mock_Default value carried forward: $11,000,000.",Retained from bc_baseline_mock_v1. The legacy value modeled annual benefit growth from comparable ITS JPO findings using assumed deployment exposure; it is not a measured state-year benefit.,Traffic incident management; Work-zone ITS and queue warning; Speed management,11000000,Retained from bc_baseline_mock_v1. The legacy value modeled annual benefit growth from comparable ITS JPO findings using assumed deployment exposure; it is not a measured state-year benefit.,Smart corridor and incident management benefits modeled from ITS JPO benefit patterns.
Texas,2010,BC_Analysis_Default_v1,bc_existing_environment_benefit,Existing Environmental Benefit,910000,Mock_Default,true,State-year model baseline; no matching authorized monetary record verified,Legacy bc_baseline_mock_v1 supported by ITS JPO Benefits/Costs databases,https://www.itskrs.its.dot.gov/benefits,,"Mock_Default value carried forward: $910,000.",Retained from bc_baseline_mock_v1. The legacy value modeled annual benefit growth from comparable ITS JPO findings using assumed deployment exposure; it is not a measured state-year benefit.,Traffic signal control; Ramp metering; Traffic management center operations,910000,Retained from bc_baseline_mock_v1. The legacy value modeled annual benefit growth from comparable ITS JPO findings using assumed deployment exposure; it is not a measured state-year benefit.,Smart corridor and incident management benefits modeled from ITS JPO benefit patterns.
Texas,2010,BC_Analysis_Default_v1,bc_new_mobility_benefit,New Mobility Benefit,2400000,Mock_Default,true,State-year model baseline; no matching authorized monetary record verified,Legacy bc_baseline_mock_v1 supported by ITS JPO Benefits/Costs databases,https://www.itskrs.its.dot.gov/benefits,,"Mock_Default value carried forward: $2,400,000.",Retained from bc_baseline_mock_v1. The legacy value modeled annual benefit growth from comparable ITS JPO findings using assumed deployment exposure; it is not a measured state-year benefit.,Adaptive traffic signal control; Traveler information systems; Active traffic management,2400000,Retained from bc_baseline_mock_v1. The legacy value modeled annual benefit growth from comparable ITS JPO findings using assumed deployment exposure; it is not a measured state-year benefit.,Smart corridor and incident management benefits modeled from ITS JPO benefit patterns.
Texas,2010,BC_Analysis_Default_v1,bc_new_safety_benefit,New Safety Benefit,1800000,Mock_Default,true,State-year model baseline; no matching authorized monetary record verified,Legacy bc_baseline_mock_v1 supported by ITS JPO Benefits/Costs databases,https://www.itskrs.its.dot.gov/benefits,,"Mock_Default value carried forward: $1,800,000.",Retained from bc_baseline_mock_v1. The legacy value modeled annual benefit growth from comparable ITS JPO findings using assumed deployment exposure; it is not a measured state-year benefit.,Work-zone ITS and queue warning; Variable speed limits; Emergency vehicle preemption,1800000,Retained from bc_baseline_mock_v1. The legacy value modeled annual benefit growth from comparable ITS JPO findings using assumed deployment exposure; it is not a measured state-year benefit.,Smart corridor and incident management benefits modeled from ITS JPO benefit patterns.
Texas,2010,BC_Analysis_Default_v1,bc_new_environment_benefit,New Environmental Benefit,125000,Mock_Default,true,State-year model baseline; no matching authorized monetary record verified,Legacy bc_baseline_mock_v1 supported by ITS JPO Benefits/Costs databases,https://www.itskrs.its.dot.gov/benefits,,"Mock_Default value carried forward: $125,000.",Retained from bc_baseline_mock_v1. The legacy value modeled annual benefit growth from comparable ITS JPO findings using assumed deployment exposure; it is not a measured state-year benefit.,Adaptive traffic signal control; Speed harmonization; Connected-vehicle applications,125000,Retained from bc_baseline_mock_v1. The legacy value modeled annual benefit growth from comparable ITS JPO findings using assumed deployment exposure; it is not a measured state-year benefit.,Smart corridor and incident management benefits modeled from ITS JPO benefit patterns.
Texas,2010,BC_Analysis_Default_v1,bc_existing_om_cost_total,Existing ITS O&M Cost,11900000,Mock_Default,true,State-year model baseline; no matching authorized monetary record verified,Legacy bc_baseline_mock_v1 supported by ITS JPO Benefits/Costs databases,https://www.itskrs.its.dot.gov/costs,,"Mock_Default value carried forward: $11,900,000.",Retained from bc_baseline_mock_v1. The legacy value scaled ITS JPO sample unit costs and cost ranges using assumed deployment quantities and annual growth; it is not an agency expenditure record.,Traffic management centers; ITS field devices; Communications systems; Traffic signal systems,11900000,Retained from bc_baseline_mock_v1. The legacy value scaled ITS JPO sample unit costs and cost ranges using assumed deployment quantities and annual growth; it is not an agency expenditure record.,Smart corridor and incident management benefits modeled from ITS JPO benefit patterns.
Texas,2010,BC_Analysis_Default_v1,bc_new_cost_total,New ITS Deployment Cost,6600000,Mock_Default,true,State-year model baseline; no matching authorized monetary record verified,Legacy bc_baseline_mock_v1 supported by ITS JPO Benefits/Costs databases,https://www.itskrs.its.dot.gov/costs,,"Mock_Default value carried forward: $6,600,000.",Retained from bc_baseline_mock_v1. The legacy value scaled ITS JPO sample unit costs and cost ranges using assumed deployment quantities and annual growth; it is not an agency expenditure record.,Traffic signal systems; Detection and surveillance; Dynamic message signs; Work-zone ITS,6600000,Retained from bc_baseline_mock_v1. The legacy value scaled ITS JPO sample unit costs and cost ranges using assumed deployment quantities and annual growth; it is not an agency expenditure record.,Smart corridor and incident management benefits modeled from ITS JPO benefit patterns.
Texas,2011,BC_Analysis_Default_v1,bc_existing_mobility_benefit,Existing Mobility Benefit,17900000,Mock_Default,true,State-year model baseline; no matching authorized monetary record verified,Legacy bc_baseline_mock_v1 supported by ITS JPO Benefits/Costs databases,https://www.itskrs.its.dot.gov/benefits,,"Mock_Default value carried forward: $17,900,000.",Retained from bc_baseline_mock_v1. The legacy value modeled annual benefit growth from comparable ITS JPO findings using assumed deployment exposure; it is not a measured state-year benefit.,Traffic signal control; Traffic incident management; Traveler information systems,17900000,Retained from bc_baseline_mock_v1. The legacy value modeled annual benefit growth from comparable ITS JPO findings using assumed deployment exposure; it is not a measured state-year benefit.,Smart corridor and incident management benefits modeled from ITS JPO benefit patterns.
Texas,2011,BC_Analysis_Default_v1,bc_existing_safety_benefit,Existing Safety Benefit,11900000,Mock_Default,true,State-year model baseline; no matching authorized monetary record verified,Legacy bc_baseline_mock_v1 supported by ITS JPO Benefits/Costs databases,https://www.itskrs.its.dot.gov/benefits,,"Mock_Default value carried forward: $11,900,000.",Retained from bc_baseline_mock_v1. The legacy value modeled annual benefit growth from comparable ITS JPO findings using assumed deployment exposure; it is not a measured state-year benefit.,Traffic incident management; Work-zone ITS and queue warning; Speed management,11900000,Retained from bc_baseline_mock_v1. The legacy value modeled annual benefit growth from comparable ITS JPO findings using assumed deployment exposure; it is not a measured state-year benefit.,Smart corridor and incident management benefits modeled from ITS JPO benefit patterns.
Texas,2011,BC_Analysis_Default_v1,bc_existing_environment_benefit,Existing Environmental Benefit,990000,Mock_Default,true,State-year model baseline; no matching authorized monetary record verified,Legacy bc_baseline_mock_v1 supported by ITS JPO Benefits/Costs databases,https://www.itskrs.its.dot.gov/benefits,,"Mock_Default value carried forward: $990,000.",Retained from bc_baseline_mock_v1. The legacy value modeled annual benefit growth from comparable ITS JPO findings using assumed deployment exposure; it is not a measured state-year benefit.,Traffic signal control; Ramp metering; Traffic management center operations,990000,Retained from bc_baseline_mock_v1. The legacy value modeled annual benefit growth from comparable ITS JPO findings using assumed deployment exposure; it is not a measured state-year benefit.,Smart corridor and incident management benefits modeled from ITS JPO benefit patterns.
Texas,2011,BC_Analysis_Default_v1,bc_new_mobility_benefit,New Mobility Benefit,2600000,Mock_Default,true,State-year model baseline; no matching authorized monetary record verified,Legacy bc_baseline_mock_v1 supported by ITS JPO Benefits/Costs databases,https://www.itskrs.its.dot.gov/benefits,,"Mock_Default value carried forward: $2,600,000.",Retained from bc_baseline_mock_v1. The legacy value modeled annual benefit growth from comparable ITS JPO findings using assumed deployment exposure; it is not a measured state-year benefit.,Adaptive traffic signal control; Traveler information systems; Active traffic management,2600000,Retained from bc_baseline_mock_v1. The legacy value modeled annual benefit growth from comparable ITS JPO findings using assumed deployment exposure; it is not a measured state-year benefit.,Smart corridor and incident management benefits modeled from ITS JPO benefit patterns.
Texas,2011,BC_Analysis_Default_v1,bc_new_safety_benefit,New Safety Benefit,1950000,Mock_Default,true,State-year model baseline; no matching authorized monetary record verified,Legacy bc_baseline_mock_v1 supported by ITS JPO Benefits/Costs databases,https://www.itskrs.its.dot.gov/benefits,,"Mock_Default value carried forward: $1,950,000.",Retained from bc_baseline_mock_v1. The legacy value modeled annual benefit growth from comparable ITS JPO findings using assumed deployment exposure; it is not a measured state-year benefit.,Work-zone ITS and queue warning; Variable speed limits; Emergency vehicle preemption,1950000,Retained from bc_baseline_mock_v1. The legacy value modeled annual benefit growth from comparable ITS JPO findings using assumed deployment exposure; it is not a measured state-year benefit.,Smart corridor and incident management benefits modeled from ITS JPO benefit patterns.
Texas,2011,BC_Analysis_Default_v1,bc_new_environment_benefit,New Environmental Benefit,138000,Mock_Default,true,State-year model baseline; no matching authorized monetary record verified,Legacy bc_baseline_mock_v1 supported by ITS JPO Benefits/Costs databases,https://www.itskrs.its.dot.gov/benefits,,"Mock_Default value carried forward: $138,000.",Retained from bc_baseline_mock_v1. The legacy value modeled annual benefit growth from comparable ITS JPO findings using assumed deployment exposure; it is not a measured state-year benefit.,Adaptive traffic signal control; Speed harmonization; Connected-vehicle applications,138000,Retained from bc_baseline_mock_v1. The legacy value modeled annual benefit growth from comparable ITS JPO findings using assumed deployment exposure; it is not a measured state-year benefit.,Smart corridor and incident management benefits modeled from ITS JPO benefit patterns.
Texas,2011,BC_Analysis_Default_v1,bc_existing_om_cost_total,Existing ITS O&M Cost,12800000,Mock_Default,true,State-year model baseline; no matching authorized monetary record verified,Legacy bc_baseline_mock_v1 supported by ITS JPO Benefits/Costs databases,https://www.itskrs.its.dot.gov/costs,,"Mock_Default value carried forward: $12,800,000.",Retained from bc_baseline_mock_v1. The legacy value scaled ITS JPO sample unit costs and cost ranges using assumed deployment quantities and annual growth; it is not an agency expenditure record.,Traffic management centers; ITS field devices; Communications systems; Traffic signal systems,12800000,Retained from bc_baseline_mock_v1. The legacy value scaled ITS JPO sample unit costs and cost ranges using assumed deployment quantities and annual growth; it is not an agency expenditure record.,Smart corridor and incident management benefits modeled from ITS JPO benefit patterns.
Texas,2011,BC_Analysis_Default_v1,bc_new_cost_total,New ITS Deployment Cost,7100000,Mock_Default,true,State-year model baseline; no matching authorized monetary record verified,Legacy bc_baseline_mock_v1 supported by ITS JPO Benefits/Costs databases,https://www.itskrs.its.dot.gov/costs,,"Mock_Default value carried forward: $7,100,000.",Retained from bc_baseline_mock_v1. The legacy value scaled ITS JPO sample unit costs and cost ranges using assumed deployment quantities and annual growth; it is not an agency expenditure record.,Traffic signal systems; Detection and surveillance; Dynamic message signs; Work-zone ITS,7100000,Retained from bc_baseline_mock_v1. The legacy value scaled ITS JPO sample unit costs and cost ranges using assumed deployment quantities and annual growth; it is not an agency expenditure record.,Smart corridor and incident management benefits modeled from ITS JPO benefit patterns.
Texas,2012,BC_Analysis_Default_v1,bc_existing_mobility_benefit,Existing Mobility Benefit,19300000,Mock_Default,true,State-year model baseline; no matching authorized monetary record verified,Legacy bc_baseline_mock_v1 supported by ITS JPO Benefits/Costs databases,https://www.itskrs.its.dot.gov/benefits,,"Mock_Default value carried forward: $19,300,000.",Retained from bc_baseline_mock_v1. The legacy value modeled annual benefit growth from comparable ITS JPO findings using assumed deployment exposure; it is not a measured state-year benefit.,Traffic signal control; Traffic incident management; Traveler information systems,19300000,Retained from bc_baseline_mock_v1. The legacy value modeled annual benefit growth from comparable ITS JPO findings using assumed deployment exposure; it is not a measured state-year benefit.,Growing ATDM and traveler information footprint increases annual benefits.
Texas,2012,BC_Analysis_Default_v1,bc_existing_safety_benefit,Existing Safety Benefit,12900000,Mock_Default,true,State-year model baseline; no matching authorized monetary record verified,Legacy bc_baseline_mock_v1 supported by ITS JPO Benefits/Costs databases,https://www.itskrs.its.dot.gov/benefits,,"Mock_Default value carried forward: $12,900,000.",Retained from bc_baseline_mock_v1. The legacy value modeled annual benefit growth from comparable ITS JPO findings using assumed deployment exposure; it is not a measured state-year benefit.,Traffic incident management; Work-zone ITS and queue warning; Speed management,12900000,Retained from bc_baseline_mock_v1. The legacy value modeled annual benefit growth from comparable ITS JPO findings using assumed deployment exposure; it is not a measured state-year benefit.,Growing ATDM and traveler information footprint increases annual benefits.
Texas,2012,BC_Analysis_Default_v1,bc_existing_environment_benefit,Existing Environmental Benefit,1080000,Mock_Default,true,State-year model baseline; no matching authorized monetary record verified,Legacy bc_baseline_mock_v1 supported by ITS JPO Benefits/Costs databases,https://www.itskrs.its.dot.gov/benefits,,"Mock_Default value carried forward: $1,080,000.",Retained from bc_baseline_mock_v1. The legacy value modeled annual benefit growth from comparable ITS JPO findings using assumed deployment exposure; it is not a measured state-year benefit.,Traffic signal control; Ramp metering; Traffic management center operations,1080000,Retained from bc_baseline_mock_v1. The legacy value modeled annual benefit growth from comparable ITS JPO findings using assumed deployment exposure; it is not a measured state-year benefit.,Growing ATDM and traveler information footprint increases annual benefits.
Texas,2012,BC_Analysis_Default_v1,bc_new_mobility_benefit,New Mobility Benefit,2850000,Mock_Default,true,State-year model baseline; no matching authorized monetary record verified,Legacy bc_baseline_mock_v1 supported by ITS JPO Benefits/Costs databases,https://www.itskrs.its.dot.gov/benefits,,"Mock_Default value carried forward: $2,850,000.",Retained from bc_baseline_mock_v1. The legacy value modeled annual benefit growth from comparable ITS JPO findings using assumed deployment exposure; it is not a measured state-year benefit.,Adaptive traffic signal control; Traveler information systems; Active traffic management,2850000,Retained from bc_baseline_mock_v1. The legacy value modeled annual benefit growth from comparable ITS JPO findings using assumed deployment exposure; it is not a measured state-year benefit.,Growing ATDM and traveler information footprint increases annual benefits.
Texas,2012,BC_Analysis_Default_v1,bc_new_safety_benefit,New Safety Benefit,2150000,Mock_Default,true,State-year model baseline; no matching authorized monetary record verified,Legacy bc_baseline_mock_v1 supported by ITS JPO Benefits/Costs databases,https://www.itskrs.its.dot.gov/benefits,,"Mock_Default value carried forward: $2,150,000.",Retained from bc_baseline_mock_v1. The legacy value modeled annual benefit growth from comparable ITS JPO findings using assumed deployment exposure; it is not a measured state-year benefit.,Work-zone ITS and queue warning; Variable speed limits; Emergency vehicle preemption,2150000,Retained from bc_baseline_mock_v1. The legacy value modeled annual benefit growth from comparable ITS JPO findings using assumed deployment exposure; it is not a measured state-year benefit.,Growing ATDM and traveler information footprint increases annual benefits.
Texas,2012,BC_Analysis_Default_v1,bc_new_environment_benefit,New Environmental Benefit,150000,Mock_Default,true,State-year model baseline; no matching authorized monetary record verified,Legacy bc_baseline_mock_v1 supported by ITS JPO Benefits/Costs databases,https://www.itskrs.its.dot.gov/benefits,,"Mock_Default value carried forward: $150,000.",Retained from bc_baseline_mock_v1. The legacy value modeled annual benefit growth from comparable ITS JPO findings using assumed deployment exposure; it is not a measured state-year benefit.,Adaptive traffic signal control; Speed harmonization; Connected-vehicle applications,150000,Retained from bc_baseline_mock_v1. The legacy value modeled annual benefit growth from comparable ITS JPO findings using assumed deployment exposure; it is not a measured state-year benefit.,Growing ATDM and traveler information footprint increases annual benefits.
Texas,2012,BC_Analysis_Default_v1,bc_existing_om_cost_total,Existing ITS O&M Cost,13700000,Mock_Default,true,State-year model baseline; no matching authorized monetary record verified,Legacy bc_baseline_mock_v1 supported by ITS JPO Benefits/Costs databases,https://www.itskrs.its.dot.gov/costs,,"Mock_Default value carried forward: $13,700,000.",Retained from bc_baseline_mock_v1. The legacy value scaled ITS JPO sample unit costs and cost ranges using assumed deployment quantities and annual growth; it is not an agency expenditure record.,Traffic management centers; ITS field devices; Communications systems; Traffic signal systems,13700000,Retained from bc_baseline_mock_v1. The legacy value scaled ITS JPO sample unit costs and cost ranges using assumed deployment quantities and annual growth; it is not an agency expenditure record.,Growing ATDM and traveler information footprint increases annual benefits.
Texas,2012,BC_Analysis_Default_v1,bc_new_cost_total,New ITS Deployment Cost,7700000,Mock_Default,true,State-year model baseline; no matching authorized monetary record verified,Legacy bc_baseline_mock_v1 supported by ITS JPO Benefits/Costs databases,https://www.itskrs.its.dot.gov/costs,,"Mock_Default value carried forward: $7,700,000.",Retained from bc_baseline_mock_v1. The legacy value scaled ITS JPO sample unit costs and cost ranges using assumed deployment quantities and annual growth; it is not an agency expenditure record.,Traffic signal systems; Detection and surveillance; Dynamic message signs; Work-zone ITS,7700000,Retained from bc_baseline_mock_v1. The legacy value scaled ITS JPO sample unit costs and cost ranges using assumed deployment quantities and annual growth; it is not an agency expenditure record.,Growing ATDM and traveler information footprint increases annual benefits.
Texas,2013,BC_Analysis_Default_v1,bc_existing_mobility_benefit,Existing Mobility Benefit,20800000,Mock_Default,true,State-year model baseline; no matching authorized monetary record verified,Legacy bc_baseline_mock_v1 supported by ITS JPO Benefits/Costs databases,https://www.itskrs.its.dot.gov/benefits,,"Mock_Default value carried forward: $20,800,000.",Retained from bc_baseline_mock_v1. The legacy value modeled annual benefit growth from comparable ITS JPO findings using assumed deployment exposure; it is not a measured state-year benefit.,Traffic signal control; Traffic incident management; Traveler information systems,20800000,Retained from bc_baseline_mock_v1. The legacy value modeled annual benefit growth from comparable ITS JPO findings using assumed deployment exposure; it is not a measured state-year benefit.,Growing ATDM and traveler information footprint increases annual benefits.
Texas,2013,BC_Analysis_Default_v1,bc_existing_safety_benefit,Existing Safety Benefit,13900000,Mock_Default,true,State-year model baseline; no matching authorized monetary record verified,Legacy bc_baseline_mock_v1 supported by ITS JPO Benefits/Costs databases,https://www.itskrs.its.dot.gov/benefits,,"Mock_Default value carried forward: $13,900,000.",Retained from bc_baseline_mock_v1. The legacy value modeled annual benefit growth from comparable ITS JPO findings using assumed deployment exposure; it is not a measured state-year benefit.,Traffic incident management; Work-zone ITS and queue warning; Speed management,13900000,Retained from bc_baseline_mock_v1. The legacy value modeled annual benefit growth from comparable ITS JPO findings using assumed deployment exposure; it is not a measured state-year benefit.,Growing ATDM and traveler information footprint increases annual benefits.
Texas,2013,BC_Analysis_Default_v1,bc_existing_environment_benefit,Existing Environmental Benefit,1180000,Mock_Default,true,State-year model baseline; no matching authorized monetary record verified,Legacy bc_baseline_mock_v1 supported by ITS JPO Benefits/Costs databases,https://www.itskrs.its.dot.gov/benefits,,"Mock_Default value carried forward: $1,180,000.",Retained from bc_baseline_mock_v1. The legacy value modeled annual benefit growth from comparable ITS JPO findings using assumed deployment exposure; it is not a measured state-year benefit.,Traffic signal control; Ramp metering; Traffic management center operations,1180000,Retained from bc_baseline_mock_v1. The legacy value modeled annual benefit growth from comparable ITS JPO findings using assumed deployment exposure; it is not a measured state-year benefit.,Growing ATDM and traveler information footprint increases annual benefits.
Texas,2013,BC_Analysis_Default_v1,bc_new_mobility_benefit,New Mobility Benefit,3100000,Mock_Default,true,State-year model baseline; no matching authorized monetary record verified,Legacy bc_baseline_mock_v1 supported by ITS JPO Benefits/Costs databases,https://www.itskrs.its.dot.gov/benefits,,"Mock_Default value carried forward: $3,100,000.",Retained from bc_baseline_mock_v1. The legacy value modeled annual benefit growth from comparable ITS JPO findings using assumed deployment exposure; it is not a measured state-year benefit.,Adaptive traffic signal control; Traveler information systems; Active traffic management,3100000,Retained from bc_baseline_mock_v1. The legacy value modeled annual benefit growth from comparable ITS JPO findings using assumed deployment exposure; it is not a measured state-year benefit.,Growing ATDM and traveler information footprint increases annual benefits.
Texas,2013,BC_Analysis_Default_v1,bc_new_safety_benefit,New Safety Benefit,2350000,Mock_Default,true,State-year model baseline; no matching authorized monetary record verified,Legacy bc_baseline_mock_v1 supported by ITS JPO Benefits/Costs databases,https://www.itskrs.its.dot.gov/benefits,,"Mock_Default value carried forward: $2,350,000.",Retained from bc_baseline_mock_v1. The legacy value modeled annual benefit growth from comparable ITS JPO findings using assumed deployment exposure; it is not a measured state-year benefit.,Work-zone ITS and queue warning; Variable speed limits; Emergency vehicle preemption,2350000,Retained from bc_baseline_mock_v1. The legacy value modeled annual benefit growth from comparable ITS JPO findings using assumed deployment exposure; it is not a measured state-year benefit.,Growing ATDM and traveler information footprint increases annual benefits.
Texas,2013,BC_Analysis_Default_v1,bc_new_environment_benefit,New Environmental Benefit,165000,Mock_Default,true,State-year model baseline; no matching authorized monetary record verified,Legacy bc_baseline_mock_v1 supported by ITS JPO Benefits/Costs databases,https://www.itskrs.its.dot.gov/benefits,,"Mock_Default value carried forward: $165,000.",Retained from bc_baseline_mock_v1. The legacy value modeled annual benefit growth from comparable ITS JPO findings using assumed deployment exposure; it is not a measured state-year benefit.,Adaptive traffic signal control; Speed harmonization; Connected-vehicle applications,165000,Retained from bc_baseline_mock_v1. The legacy value modeled annual benefit growth from comparable ITS JPO findings using assumed deployment exposure; it is not a measured state-year benefit.,Growing ATDM and traveler information footprint increases annual benefits.
Texas,2013,BC_Analysis_Default_v1,bc_existing_om_cost_total,Existing ITS O&M Cost,14700000,Mock_Default,true,State-year model baseline; no matching authorized monetary record verified,Legacy bc_baseline_mock_v1 supported by ITS JPO Benefits/Costs databases,https://www.itskrs.its.dot.gov/costs,,"Mock_Default value carried forward: $14,700,000.",Retained from bc_baseline_mock_v1. The legacy value scaled ITS JPO sample unit costs and cost ranges using assumed deployment quantities and annual growth; it is not an agency expenditure record.,Traffic management centers; ITS field devices; Communications systems; Traffic signal systems,14700000,Retained from bc_baseline_mock_v1. The legacy value scaled ITS JPO sample unit costs and cost ranges using assumed deployment quantities and annual growth; it is not an agency expenditure record.,Growing ATDM and traveler information footprint increases annual benefits.
Texas,2013,BC_Analysis_Default_v1,bc_new_cost_total,New ITS Deployment Cost,8300000,Mock_Default,true,State-year model baseline; no matching authorized monetary record verified,Legacy bc_baseline_mock_v1 supported by ITS JPO Benefits/Costs databases,https://www.itskrs.its.dot.gov/costs,,"Mock_Default value carried forward: $8,300,000.",Retained from bc_baseline_mock_v1. The legacy value scaled ITS JPO sample unit costs and cost ranges using assumed deployment quantities and annual growth; it is not an agency expenditure record.,Traffic signal systems; Detection and surveillance; Dynamic message signs; Work-zone ITS,8300000,Retained from bc_baseline_mock_v1. The legacy value scaled ITS JPO sample unit costs and cost ranges using assumed deployment quantities and annual growth; it is not an agency expenditure record.,Growing ATDM and traveler information footprint increases annual benefits.
Texas,2014,BC_Analysis_Default_v1,bc_existing_mobility_benefit,Existing Mobility Benefit,22400000,Mock_Default,true,State-year model baseline; no matching authorized monetary record verified,Legacy bc_baseline_mock_v1 supported by ITS JPO Benefits/Costs databases,https://www.itskrs.its.dot.gov/benefits,,"Mock_Default value carried forward: $22,400,000.",Retained from bc_baseline_mock_v1. The legacy value modeled annual benefit growth from comparable ITS JPO findings using assumed deployment exposure; it is not a measured state-year benefit.,Traffic signal control; Traffic incident management; Traveler information systems,22400000,Retained from bc_baseline_mock_v1. The legacy value modeled annual benefit growth from comparable ITS JPO findings using assumed deployment exposure; it is not a measured state-year benefit.,Growing ATDM and traveler information footprint increases annual benefits.
Texas,2014,BC_Analysis_Default_v1,bc_existing_safety_benefit,Existing Safety Benefit,15000000,Mock_Default,true,State-year model baseline; no matching authorized monetary record verified,Legacy bc_baseline_mock_v1 supported by ITS JPO Benefits/Costs databases,https://www.itskrs.its.dot.gov/benefits,,"Mock_Default value carried forward: $15,000,000.",Retained from bc_baseline_mock_v1. The legacy value modeled annual benefit growth from comparable ITS JPO findings using assumed deployment exposure; it is not a measured state-year benefit.,Traffic incident management; Work-zone ITS and queue warning; Speed management,15000000,Retained from bc_baseline_mock_v1. The legacy value modeled annual benefit growth from comparable ITS JPO findings using assumed deployment exposure; it is not a measured state-year benefit.,Growing ATDM and traveler information footprint increases annual benefits.
Texas,2014,BC_Analysis_Default_v1,bc_existing_environment_benefit,Existing Environmental Benefit,1290000,Mock_Default,true,State-year model baseline; no matching authorized monetary record verified,Legacy bc_baseline_mock_v1 supported by ITS JPO Benefits/Costs databases,https://www.itskrs.its.dot.gov/benefits,,"Mock_Default value carried forward: $1,290,000.",Retained from bc_baseline_mock_v1. The legacy value modeled annual benefit growth from comparable ITS JPO findings using assumed deployment exposure; it is not a measured state-year benefit.,Traffic signal control; Ramp metering; Traffic management center operations,1290000,Retained from bc_baseline_mock_v1. The legacy value modeled annual benefit growth from comparable ITS JPO findings using assumed deployment exposure; it is not a measured state-year benefit.,Growing ATDM and traveler information footprint increases annual benefits.
Texas,2014,BC_Analysis_Default_v1,bc_new_mobility_benefit,New Mobility Benefit,3350000,Mock_Default,true,State-year model baseline; no matching authorized monetary record verified,Legacy bc_baseline_mock_v1 supported by ITS JPO Benefits/Costs databases,https://www.itskrs.its.dot.gov/benefits,,"Mock_Default value carried forward: $3,350,000.",Retained from bc_baseline_mock_v1. The legacy value modeled annual benefit growth from comparable ITS JPO findings using assumed deployment exposure; it is not a measured state-year benefit.,Adaptive traffic signal control; Traveler information systems; Active traffic management,3350000,Retained from bc_baseline_mock_v1. The legacy value modeled annual benefit growth from comparable ITS JPO findings using assumed deployment exposure; it is not a measured state-year benefit.,Growing ATDM and traveler information footprint increases annual benefits.
Texas,2014,BC_Analysis_Default_v1,bc_new_safety_benefit,New Safety Benefit,2550000,Mock_Default,true,State-year model baseline; no matching authorized monetary record verified,Legacy bc_baseline_mock_v1 supported by ITS JPO Benefits/Costs databases,https://www.itskrs.its.dot.gov/benefits,,"Mock_Default value carried forward: $2,550,000.",Retained from bc_baseline_mock_v1. The legacy value modeled annual benefit growth from comparable ITS JPO findings using assumed deployment exposure; it is not a measured state-year benefit.,Work-zone ITS and queue warning; Variable speed limits; Emergency vehicle preemption,2550000,Retained from bc_baseline_mock_v1. The legacy value modeled annual benefit growth from comparable ITS JPO findings using assumed deployment exposure; it is not a measured state-year benefit.,Growing ATDM and traveler information footprint increases annual benefits.
Texas,2014,BC_Analysis_Default_v1,bc_new_environment_benefit,New Environmental Benefit,180000,Mock_Default,true,State-year model baseline; no matching authorized monetary record verified,Legacy bc_baseline_mock_v1 supported by ITS JPO Benefits/Costs databases,https://www.itskrs.its.dot.gov/benefits,,"Mock_Default value carried forward: $180,000.",Retained from bc_baseline_mock_v1. The legacy value modeled annual benefit growth from comparable ITS JPO findings using assumed deployment exposure; it is not a measured state-year benefit.,Adaptive traffic signal control; Speed harmonization; Connected-vehicle applications,180000,Retained from bc_baseline_mock_v1. The legacy value modeled annual benefit growth from comparable ITS JPO findings using assumed deployment exposure; it is not a measured state-year benefit.,Growing ATDM and traveler information footprint increases annual benefits.
Texas,2014,BC_Analysis_Default_v1,bc_existing_om_cost_total,Existing ITS O&M Cost,15700000,Mock_Default,true,State-year model baseline; no matching authorized monetary record verified,Legacy bc_baseline_mock_v1 supported by ITS JPO Benefits/Costs databases,https://www.itskrs.its.dot.gov/costs,,"Mock_Default value carried forward: $15,700,000.",Retained from bc_baseline_mock_v1. The legacy value scaled ITS JPO sample unit costs and cost ranges using assumed deployment quantities and annual growth; it is not an agency expenditure record.,Traffic management centers; ITS field devices; Communications systems; Traffic signal systems,15700000,Retained from bc_baseline_mock_v1. The legacy value scaled ITS JPO sample unit costs and cost ranges using assumed deployment quantities and annual growth; it is not an agency expenditure record.,Growing ATDM and traveler information footprint increases annual benefits.
Texas,2014,BC_Analysis_Default_v1,bc_new_cost_total,New ITS Deployment Cost,9000000,Mock_Default,true,State-year model baseline; no matching authorized monetary record verified,Legacy bc_baseline_mock_v1 supported by ITS JPO Benefits/Costs databases,https://www.itskrs.its.dot.gov/costs,,"Mock_Default value carried forward: $9,000,000.",Retained from bc_baseline_mock_v1. The legacy value scaled ITS JPO sample unit costs and cost ranges using assumed deployment quantities and annual growth; it is not an agency expenditure record.,Traffic signal systems; Detection and surveillance; Dynamic message signs; Work-zone ITS,9000000,Retained from bc_baseline_mock_v1. The legacy value scaled ITS JPO sample unit costs and cost ranges using assumed deployment quantities and annual growth; it is not an agency expenditure record.,Growing ATDM and traveler information footprint increases annual benefits.
Texas,2015,BC_Analysis_Default_v1,bc_existing_mobility_benefit,Existing Mobility Benefit,24200000,Mock_Default,true,State-year model baseline; no matching authorized monetary record verified,Legacy bc_baseline_mock_v1 supported by ITS JPO Benefits/Costs databases,https://www.itskrs.its.dot.gov/benefits,,"Mock_Default value carried forward: $24,200,000.",Retained from bc_baseline_mock_v1. The legacy value modeled annual benefit growth from comparable ITS JPO findings using assumed deployment exposure; it is not a measured state-year benefit.,Traffic signal control; Traffic incident management; Traveler information systems,24200000,Retained from bc_baseline_mock_v1. The legacy value modeled annual benefit growth from comparable ITS JPO findings using assumed deployment exposure; it is not a measured state-year benefit.,Recent ITS JPO benefit findings used as comparable evidence for signal and work-zone systems.
Texas,2015,BC_Analysis_Default_v1,bc_existing_safety_benefit,Existing Safety Benefit,16200000,Mock_Default,true,State-year model baseline; no matching authorized monetary record verified,Legacy bc_baseline_mock_v1 supported by ITS JPO Benefits/Costs databases,https://www.itskrs.its.dot.gov/benefits,,"Mock_Default value carried forward: $16,200,000.",Retained from bc_baseline_mock_v1. The legacy value modeled annual benefit growth from comparable ITS JPO findings using assumed deployment exposure; it is not a measured state-year benefit.,Traffic incident management; Work-zone ITS and queue warning; Speed management,16200000,Retained from bc_baseline_mock_v1. The legacy value modeled annual benefit growth from comparable ITS JPO findings using assumed deployment exposure; it is not a measured state-year benefit.,Recent ITS JPO benefit findings used as comparable evidence for signal and work-zone systems.
Texas,2015,BC_Analysis_Default_v1,bc_existing_environment_benefit,Existing Environmental Benefit,1400000,Mock_Default,true,State-year model baseline; no matching authorized monetary record verified,Legacy bc_baseline_mock_v1 supported by ITS JPO Benefits/Costs databases,https://www.itskrs.its.dot.gov/benefits,,"Mock_Default value carried forward: $1,400,000.",Retained from bc_baseline_mock_v1. The legacy value modeled annual benefit growth from comparable ITS JPO findings using assumed deployment exposure; it is not a measured state-year benefit.,Traffic signal control; Ramp metering; Traffic management center operations,1400000,Retained from bc_baseline_mock_v1. The legacy value modeled annual benefit growth from comparable ITS JPO findings using assumed deployment exposure; it is not a measured state-year benefit.,Recent ITS JPO benefit findings used as comparable evidence for signal and work-zone systems.
Texas,2015,BC_Analysis_Default_v1,bc_new_mobility_benefit,New Mobility Benefit,3650000,Mock_Default,true,State-year model baseline; no matching authorized monetary record verified,Legacy bc_baseline_mock_v1 supported by ITS JPO Benefits/Costs databases,https://www.itskrs.its.dot.gov/benefits,,"Mock_Default value carried forward: $3,650,000.",Retained from bc_baseline_mock_v1. The legacy value modeled annual benefit growth from comparable ITS JPO findings using assumed deployment exposure; it is not a measured state-year benefit.,Adaptive traffic signal control; Traveler information systems; Active traffic management,3650000,Retained from bc_baseline_mock_v1. The legacy value modeled annual benefit growth from comparable ITS JPO findings using assumed deployment exposure; it is not a measured state-year benefit.,Recent ITS JPO benefit findings used as comparable evidence for signal and work-zone systems.
Texas,2015,BC_Analysis_Default_v1,bc_new_safety_benefit,New Safety Benefit,8688909,Exact_Dataset,false,Three TxDOT variable-speed-limit pilot sites; combined project-level annual estimate,Evaluation of TxDOT Variable Speed Limit Pilot Projects,https://www.itskrs.its.dot.gov/2016-b01090,2015,"Combined annual benefits: $2,112,983 San Antonio + $2,358,976 Temple + $4,216,950 Ranger Hill.",Summed the three annual benefit values in the published pilot-site table.,Variable speed limits; Speed harmonization; Work-zone traffic management; Weather-responsive traffic management,2800000,Retained from bc_baseline_mock_v1. The legacy value modeled annual benefit growth from comparable ITS JPO findings using assumed deployment exposure; it is not a measured state-year benefit.,Published high-level estimate based on an assumed 7 percent crash reduction; the source notes that significance testing was not performed because of the short pilot duration.
Texas,2015,BC_Analysis_Default_v1,bc_new_environment_benefit,New Environmental Benefit,198000,Mock_Default,true,State-year model baseline; no matching authorized monetary record verified,Legacy bc_baseline_mock_v1 supported by ITS JPO Benefits/Costs databases,https://www.itskrs.its.dot.gov/benefits,,"Mock_Default value carried forward: $198,000.",Retained from bc_baseline_mock_v1. The legacy value modeled annual benefit growth from comparable ITS JPO findings using assumed deployment exposure; it is not a measured state-year benefit.,Adaptive traffic signal control; Speed harmonization; Connected-vehicle applications,198000,Retained from bc_baseline_mock_v1. The legacy value modeled annual benefit growth from comparable ITS JPO findings using assumed deployment exposure; it is not a measured state-year benefit.,Recent ITS JPO benefit findings used as comparable evidence for signal and work-zone systems.
Texas,2015,BC_Analysis_Default_v1,bc_existing_om_cost_total,Existing ITS O&M Cost,16800000,Mock_Default,true,State-year model baseline; no matching authorized monetary record verified,Legacy bc_baseline_mock_v1 supported by ITS JPO Benefits/Costs databases,https://www.itskrs.its.dot.gov/costs,,"Mock_Default value carried forward: $16,800,000.",Retained from bc_baseline_mock_v1. The legacy value scaled ITS JPO sample unit costs and cost ranges using assumed deployment quantities and annual growth; it is not an agency expenditure record.,Traffic management centers; ITS field devices; Communications systems; Traffic signal systems,16800000,Retained from bc_baseline_mock_v1. The legacy value scaled ITS JPO sample unit costs and cost ranges using assumed deployment quantities and annual growth; it is not an agency expenditure record.,Recent ITS JPO benefit findings used as comparable evidence for signal and work-zone systems.
Texas,2015,BC_Analysis_Default_v1,bc_new_cost_total,New ITS Deployment Cost,838815,Exact_Dataset,false,Three TxDOT variable-speed-limit pilot sites; combined project-level annual estimate,Evaluation of TxDOT Variable Speed Limit Pilot Projects,https://www.itskrs.its.dot.gov/2016-b01090,2015,"Combined annual costs: $300,370 San Antonio + $238,075 Temple + $300,370 Ranger Hill.",Summed the three annualized capital and O&M cost values in the published pilot-site table.,Variable speed limits; Speed harmonization; Work-zone traffic management; Weather-responsive traffic management,9700000,Retained from bc_baseline_mock_v1. The legacy value scaled ITS JPO sample unit costs and cost ranges using assumed deployment quantities and annual growth; it is not an agency expenditure record.,Published high-level estimate based on an assumed 7 percent crash reduction; the source notes that significance testing was not performed because of the short pilot duration.
Texas,2016,BC_Analysis_Default_v1,bc_existing_mobility_benefit,Existing Mobility Benefit,26100000,Mock_Default,true,State-year model baseline; no matching authorized monetary record verified,Legacy bc_baseline_mock_v1 supported by ITS JPO Benefits/Costs databases,https://www.itskrs.its.dot.gov/benefits,,"Mock_Default value carried forward: $26,100,000.",Retained from bc_baseline_mock_v1. The legacy value modeled annual benefit growth from comparable ITS JPO findings using assumed deployment exposure; it is not a measured state-year benefit.,Traffic signal control; Traffic incident management; Traveler information systems,26100000,Retained from bc_baseline_mock_v1. The legacy value modeled annual benefit growth from comparable ITS JPO findings using assumed deployment exposure; it is not a measured state-year benefit.,Recent ITS JPO benefit findings used as comparable evidence for signal and work-zone systems.
Texas,2016,BC_Analysis_Default_v1,bc_existing_safety_benefit,Existing Safety Benefit,17500000,Mock_Default,true,State-year model baseline; no matching authorized monetary record verified,Legacy bc_baseline_mock_v1 supported by ITS JPO Benefits/Costs databases,https://www.itskrs.its.dot.gov/benefits,,"Mock_Default value carried forward: $17,500,000.",Retained from bc_baseline_mock_v1. The legacy value modeled annual benefit growth from comparable ITS JPO findings using assumed deployment exposure; it is not a measured state-year benefit.,Traffic incident management; Work-zone ITS and queue warning; Speed management,17500000,Retained from bc_baseline_mock_v1. The legacy value modeled annual benefit growth from comparable ITS JPO findings using assumed deployment exposure; it is not a measured state-year benefit.,Recent ITS JPO benefit findings used as comparable evidence for signal and work-zone systems.
Texas,2016,BC_Analysis_Default_v1,bc_existing_environment_benefit,Existing Environmental Benefit,1530000,Mock_Default,true,State-year model baseline; no matching authorized monetary record verified,Legacy bc_baseline_mock_v1 supported by ITS JPO Benefits/Costs databases,https://www.itskrs.its.dot.gov/benefits,,"Mock_Default value carried forward: $1,530,000.",Retained from bc_baseline_mock_v1. The legacy value modeled annual benefit growth from comparable ITS JPO findings using assumed deployment exposure; it is not a measured state-year benefit.,Traffic signal control; Ramp metering; Traffic management center operations,1530000,Retained from bc_baseline_mock_v1. The legacy value modeled annual benefit growth from comparable ITS JPO findings using assumed deployment exposure; it is not a measured state-year benefit.,Recent ITS JPO benefit findings used as comparable evidence for signal and work-zone systems.
Texas,2016,BC_Analysis_Default_v1,bc_new_mobility_benefit,New Mobility Benefit,4527131,Exact_Dataset,false,"City of Austin TMC expansion, April-December 2016; project-level result",Performance Evaluation for City of Austin Transportation Management Center Expansion,https://www.itskrs.its.dot.gov/2021-b01521,2017,"$4,527,131 total benefit reported for TMC expansion activities.",Used the total benefit printed in the evaluation table.,Transportation management center operations; Lane-blocking incident response; Traffic signal retiming; Probe-vehicle travel-time monitoring,4000000,Retained from bc_baseline_mock_v1. The legacy value modeled annual benefit growth from comparable ITS JPO findings using assumed deployment exposure; it is not a measured state-year benefit.,The source evaluation period was April-December 2016 and included measured and modeled activity components.
Texas,2016,BC_Analysis_Default_v1,bc_new_safety_benefit,New Safety Benefit,3050000,Mock_Default,true,State-year model baseline; no matching authorized monetary record verified,Legacy bc_baseline_mock_v1 supported by ITS JPO Benefits/Costs databases,https://www.itskrs.its.dot.gov/benefits,,"Mock_Default value carried forward: $3,050,000.",Retained from bc_baseline_mock_v1. The legacy value modeled annual benefit growth from comparable ITS JPO findings using assumed deployment exposure; it is not a measured state-year benefit.,Work-zone ITS and queue warning; Variable speed limits; Emergency vehicle preemption,3050000,Retained from bc_baseline_mock_v1. The legacy value modeled annual benefit growth from comparable ITS JPO findings using assumed deployment exposure; it is not a measured state-year benefit.,Recent ITS JPO benefit findings used as comparable evidence for signal and work-zone systems.
Texas,2016,BC_Analysis_Default_v1,bc_new_environment_benefit,New Environmental Benefit,218000,Mock_Default,true,State-year model baseline; no matching authorized monetary record verified,Legacy bc_baseline_mock_v1 supported by ITS JPO Benefits/Costs databases,https://www.itskrs.its.dot.gov/benefits,,"Mock_Default value carried forward: $218,000.",Retained from bc_baseline_mock_v1. The legacy value modeled annual benefit growth from comparable ITS JPO findings using assumed deployment exposure; it is not a measured state-year benefit.,Adaptive traffic signal control; Speed harmonization; Connected-vehicle applications,218000,Retained from bc_baseline_mock_v1. The legacy value modeled annual benefit growth from comparable ITS JPO findings using assumed deployment exposure; it is not a measured state-year benefit.,Recent ITS JPO benefit findings used as comparable evidence for signal and work-zone systems.
Texas,2016,BC_Analysis_Default_v1,bc_existing_om_cost_total,Existing ITS O&M Cost,18000000,Mock_Default,true,State-year model baseline; no matching authorized monetary record verified,Legacy bc_baseline_mock_v1 supported by ITS JPO Benefits/Costs databases,https://www.itskrs.its.dot.gov/costs,,"Mock_Default value carried forward: $18,000,000.",Retained from bc_baseline_mock_v1. The legacy value scaled ITS JPO sample unit costs and cost ranges using assumed deployment quantities and annual growth; it is not an agency expenditure record.,Traffic management centers; ITS field devices; Communications systems; Traffic signal systems,18000000,Retained from bc_baseline_mock_v1. The legacy value scaled ITS JPO sample unit costs and cost ranges using assumed deployment quantities and annual growth; it is not an agency expenditure record.,Recent ITS JPO benefit findings used as comparable evidence for signal and work-zone systems.
Texas,2016,BC_Analysis_Default_v1,bc_new_cost_total,New ITS Deployment Cost,1237329,Exact_Dataset,false,"City of Austin TMC expansion, April-December 2016; project-level result",Performance Evaluation for City of Austin Transportation Management Center Expansion,https://www.itskrs.its.dot.gov/2021-b01521,2017,"$1,237,329 TMC expansion cost reported in the evaluation table.",Used the total expansion cost printed in the evaluation table.,Transportation management center operations; Lane-blocking incident response; Traffic signal retiming; Probe-vehicle travel-time monitoring,10400000,Retained from bc_baseline_mock_v1. The legacy value scaled ITS JPO sample unit costs and cost ranges using assumed deployment quantities and annual growth; it is not an agency expenditure record.,The source evaluation period was April-December 2016 and included measured and modeled activity components.
Texas,2017,BC_Analysis_Default_v1,bc_existing_mobility_benefit,Existing Mobility Benefit,28200000,Mock_Default,true,State-year model baseline; no matching authorized monetary record verified,Legacy bc_baseline_mock_v1 supported by ITS JPO Benefits/Costs databases,https://www.itskrs.its.dot.gov/benefits,,"Mock_Default value carried forward: $28,200,000.",Retained from bc_baseline_mock_v1. The legacy value modeled annual benefit growth from comparable ITS JPO findings using assumed deployment exposure; it is not a measured state-year benefit.,Traffic signal control; Traffic incident management; Traveler information systems,28200000,Retained from bc_baseline_mock_v1. The legacy value modeled annual benefit growth from comparable ITS JPO findings using assumed deployment exposure; it is not a measured state-year benefit.,Recent ITS JPO benefit findings used as comparable evidence for signal and work-zone systems.
Texas,2017,BC_Analysis_Default_v1,bc_existing_safety_benefit,Existing Safety Benefit,18900000,Mock_Default,true,State-year model baseline; no matching authorized monetary record verified,Legacy bc_baseline_mock_v1 supported by ITS JPO Benefits/Costs databases,https://www.itskrs.its.dot.gov/benefits,,"Mock_Default value carried forward: $18,900,000.",Retained from bc_baseline_mock_v1. The legacy value modeled annual benefit growth from comparable ITS JPO findings using assumed deployment exposure; it is not a measured state-year benefit.,Traffic incident management; Work-zone ITS and queue warning; Speed management,18900000,Retained from bc_baseline_mock_v1. The legacy value modeled annual benefit growth from comparable ITS JPO findings using assumed deployment exposure; it is not a measured state-year benefit.,Recent ITS JPO benefit findings used as comparable evidence for signal and work-zone systems.
Texas,2017,BC_Analysis_Default_v1,bc_existing_environment_benefit,Existing Environmental Benefit,1670000,Mock_Default,true,State-year model baseline; no matching authorized monetary record verified,Legacy bc_baseline_mock_v1 supported by ITS JPO Benefits/Costs databases,https://www.itskrs.its.dot.gov/benefits,,"Mock_Default value carried forward: $1,670,000.",Retained from bc_baseline_mock_v1. The legacy value modeled annual benefit growth from comparable ITS JPO findings using assumed deployment exposure; it is not a measured state-year benefit.,Traffic signal control; Ramp metering; Traffic management center operations,1670000,Retained from bc_baseline_mock_v1. The legacy value modeled annual benefit growth from comparable ITS JPO findings using assumed deployment exposure; it is not a measured state-year benefit.,Recent ITS JPO benefit findings used as comparable evidence for signal and work-zone systems.
Texas,2017,BC_Analysis_Default_v1,bc_new_mobility_benefit,New Mobility Benefit,4350000,Mock_Default,true,State-year model baseline; no matching authorized monetary record verified,Legacy bc_baseline_mock_v1 supported by ITS JPO Benefits/Costs databases,https://www.itskrs.its.dot.gov/benefits,,"Mock_Default value carried forward: $4,350,000.",Retained from bc_baseline_mock_v1. The legacy value modeled annual benefit growth from comparable ITS JPO findings using assumed deployment exposure; it is not a measured state-year benefit.,Adaptive traffic signal control; Traveler information systems; Active traffic management,4350000,Retained from bc_baseline_mock_v1. The legacy value modeled annual benefit growth from comparable ITS JPO findings using assumed deployment exposure; it is not a measured state-year benefit.,Recent ITS JPO benefit findings used as comparable evidence for signal and work-zone systems.
Texas,2017,BC_Analysis_Default_v1,bc_new_safety_benefit,New Safety Benefit,3350000,Mock_Default,true,State-year model baseline; no matching authorized monetary record verified,Legacy bc_baseline_mock_v1 supported by ITS JPO Benefits/Costs databases,https://www.itskrs.its.dot.gov/benefits,,"Mock_Default value carried forward: $3,350,000.",Retained from bc_baseline_mock_v1. The legacy value modeled annual benefit growth from comparable ITS JPO findings using assumed deployment exposure; it is not a measured state-year benefit.,Work-zone ITS and queue warning; Variable speed limits; Emergency vehicle preemption,3350000,Retained from bc_baseline_mock_v1. The legacy value modeled annual benefit growth from comparable ITS JPO findings using assumed deployment exposure; it is not a measured state-year benefit.,Recent ITS JPO benefit findings used as comparable evidence for signal and work-zone systems.
Texas,2017,BC_Analysis_Default_v1,bc_new_environment_benefit,New Environmental Benefit,240000,Mock_Default,true,State-year model baseline; no matching authorized monetary record verified,Legacy bc_baseline_mock_v1 supported by ITS JPO Benefits/Costs databases,https://www.itskrs.its.dot.gov/benefits,,"Mock_Default value carried forward: $240,000.",Retained from bc_baseline_mock_v1. The legacy value modeled annual benefit growth from comparable ITS JPO findings using assumed deployment exposure; it is not a measured state-year benefit.,Adaptive traffic signal control; Speed harmonization; Connected-vehicle applications,240000,Retained from bc_baseline_mock_v1. The legacy value modeled annual benefit growth from comparable ITS JPO findings using assumed deployment exposure; it is not a measured state-year benefit.,Recent ITS JPO benefit findings used as comparable evidence for signal and work-zone systems.
Texas,2017,BC_Analysis_Default_v1,bc_existing_om_cost_total,Existing ITS O&M Cost,19200000,Mock_Default,true,State-year model baseline; no matching authorized monetary record verified,Legacy bc_baseline_mock_v1 supported by ITS JPO Benefits/Costs databases,https://www.itskrs.its.dot.gov/costs,,"Mock_Default value carried forward: $19,200,000.",Retained from bc_baseline_mock_v1. The legacy value scaled ITS JPO sample unit costs and cost ranges using assumed deployment quantities and annual growth; it is not an agency expenditure record.,Traffic management centers; ITS field devices; Communications systems; Traffic signal systems,19200000,Retained from bc_baseline_mock_v1. The legacy value scaled ITS JPO sample unit costs and cost ranges using assumed deployment quantities and annual growth; it is not an agency expenditure record.,Recent ITS JPO benefit findings used as comparable evidence for signal and work-zone systems.
Texas,2017,BC_Analysis_Default_v1,bc_new_cost_total,New ITS Deployment Cost,11100000,Mock_Default,true,State-year model baseline; no matching authorized monetary record verified,Legacy bc_baseline_mock_v1 supported by ITS JPO Benefits/Costs databases,https://www.itskrs.its.dot.gov/costs,,"Mock_Default value carried forward: $11,100,000.",Retained from bc_baseline_mock_v1. The legacy value scaled ITS JPO sample unit costs and cost ranges using assumed deployment quantities and annual growth; it is not an agency expenditure record.,Traffic signal systems; Detection and surveillance; Dynamic message signs; Work-zone ITS,11100000,Retained from bc_baseline_mock_v1. The legacy value scaled ITS JPO sample unit costs and cost ranges using assumed deployment quantities and annual growth; it is not an agency expenditure record.,Recent ITS JPO benefit findings used as comparable evidence for signal and work-zone systems.
Texas,2018,BC_Analysis_Default_v1,bc_existing_mobility_benefit,Existing Mobility Benefit,30400000,Mock_Default,true,State-year model baseline; no matching authorized monetary record verified,Legacy bc_baseline_mock_v1 supported by ITS JPO Benefits/Costs databases,https://www.itskrs.its.dot.gov/benefits,,"Mock_Default value carried forward: $30,400,000.",Retained from bc_baseline_mock_v1. The legacy value modeled annual benefit growth from comparable ITS JPO findings using assumed deployment exposure; it is not a measured state-year benefit.,Traffic signal control; Traffic incident management; Traveler information systems,30400000,Retained from bc_baseline_mock_v1. The legacy value modeled annual benefit growth from comparable ITS JPO findings using assumed deployment exposure; it is not a measured state-year benefit.,Connected and automated pilot era increases new deployment benefits and costs.
Texas,2018,BC_Analysis_Default_v1,bc_existing_safety_benefit,Existing Safety Benefit,20400000,Mock_Default,true,State-year model baseline; no matching authorized monetary record verified,Legacy bc_baseline_mock_v1 supported by ITS JPO Benefits/Costs databases,https://www.itskrs.its.dot.gov/benefits,,"Mock_Default value carried forward: $20,400,000.",Retained from bc_baseline_mock_v1. The legacy value modeled annual benefit growth from comparable ITS JPO findings using assumed deployment exposure; it is not a measured state-year benefit.,Traffic incident management; Work-zone ITS and queue warning; Speed management,20400000,Retained from bc_baseline_mock_v1. The legacy value modeled annual benefit growth from comparable ITS JPO findings using assumed deployment exposure; it is not a measured state-year benefit.,Connected and automated pilot era increases new deployment benefits and costs.
Texas,2018,BC_Analysis_Default_v1,bc_existing_environment_benefit,Existing Environmental Benefit,1820000,Mock_Default,true,State-year model baseline; no matching authorized monetary record verified,Legacy bc_baseline_mock_v1 supported by ITS JPO Benefits/Costs databases,https://www.itskrs.its.dot.gov/benefits,,"Mock_Default value carried forward: $1,820,000.",Retained from bc_baseline_mock_v1. The legacy value modeled annual benefit growth from comparable ITS JPO findings using assumed deployment exposure; it is not a measured state-year benefit.,Traffic signal control; Ramp metering; Traffic management center operations,1820000,Retained from bc_baseline_mock_v1. The legacy value modeled annual benefit growth from comparable ITS JPO findings using assumed deployment exposure; it is not a measured state-year benefit.,Connected and automated pilot era increases new deployment benefits and costs.
Texas,2018,BC_Analysis_Default_v1,bc_new_mobility_benefit,New Mobility Benefit,4750000,Mock_Default,true,State-year model baseline; no matching authorized monetary record verified,Legacy bc_baseline_mock_v1 supported by ITS JPO Benefits/Costs databases,https://www.itskrs.its.dot.gov/benefits,,"Mock_Default value carried forward: $4,750,000.",Retained from bc_baseline_mock_v1. The legacy value modeled annual benefit growth from comparable ITS JPO findings using assumed deployment exposure; it is not a measured state-year benefit.,Adaptive traffic signal control; Traveler information systems; Active traffic management,4750000,Retained from bc_baseline_mock_v1. The legacy value modeled annual benefit growth from comparable ITS JPO findings using assumed deployment exposure; it is not a measured state-year benefit.,Connected and automated pilot era increases new deployment benefits and costs.
Texas,2018,BC_Analysis_Default_v1,bc_new_safety_benefit,New Safety Benefit,3650000,Mock_Default,true,State-year model baseline; no matching authorized monetary record verified,Legacy bc_baseline_mock_v1 supported by ITS JPO Benefits/Costs databases,https://www.itskrs.its.dot.gov/benefits,,"Mock_Default value carried forward: $3,650,000.",Retained from bc_baseline_mock_v1. The legacy value modeled annual benefit growth from comparable ITS JPO findings using assumed deployment exposure; it is not a measured state-year benefit.,Work-zone ITS and queue warning; Variable speed limits; Emergency vehicle preemption,3650000,Retained from bc_baseline_mock_v1. The legacy value modeled annual benefit growth from comparable ITS JPO findings using assumed deployment exposure; it is not a measured state-year benefit.,Connected and automated pilot era increases new deployment benefits and costs.
Texas,2018,BC_Analysis_Default_v1,bc_new_environment_benefit,New Environmental Benefit,265000,Mock_Default,true,State-year model baseline; no matching authorized monetary record verified,Legacy bc_baseline_mock_v1 supported by ITS JPO Benefits/Costs databases,https://www.itskrs.its.dot.gov/benefits,,"Mock_Default value carried forward: $265,000.",Retained from bc_baseline_mock_v1. The legacy value modeled annual benefit growth from comparable ITS JPO findings using assumed deployment exposure; it is not a measured state-year benefit.,Adaptive traffic signal control; Speed harmonization; Connected-vehicle applications,265000,Retained from bc_baseline_mock_v1. The legacy value modeled annual benefit growth from comparable ITS JPO findings using assumed deployment exposure; it is not a measured state-year benefit.,Connected and automated pilot era increases new deployment benefits and costs.
Texas,2018,BC_Analysis_Default_v1,bc_existing_om_cost_total,Existing ITS O&M Cost,20500000,Mock_Default,true,State-year model baseline; no matching authorized monetary record verified,Legacy bc_baseline_mock_v1 supported by ITS JPO Benefits/Costs databases,https://www.itskrs.its.dot.gov/costs,,"Mock_Default value carried forward: $20,500,000.",Retained from bc_baseline_mock_v1. The legacy value scaled ITS JPO sample unit costs and cost ranges using assumed deployment quantities and annual growth; it is not an agency expenditure record.,Traffic management centers; ITS field devices; Communications systems; Traffic signal systems,20500000,Retained from bc_baseline_mock_v1. The legacy value scaled ITS JPO sample unit costs and cost ranges using assumed deployment quantities and annual growth; it is not an agency expenditure record.,Connected and automated pilot era increases new deployment benefits and costs.
Texas,2018,BC_Analysis_Default_v1,bc_new_cost_total,New ITS Deployment Cost,11800000,Mock_Default,true,State-year model baseline; no matching authorized monetary record verified,Legacy bc_baseline_mock_v1 supported by ITS JPO Benefits/Costs databases,https://www.itskrs.its.dot.gov/costs,,"Mock_Default value carried forward: $11,800,000.",Retained from bc_baseline_mock_v1. The legacy value scaled ITS JPO sample unit costs and cost ranges using assumed deployment quantities and annual growth; it is not an agency expenditure record.,Traffic signal systems; Detection and surveillance; Dynamic message signs; Work-zone ITS,11800000,Retained from bc_baseline_mock_v1. The legacy value scaled ITS JPO sample unit costs and cost ranges using assumed deployment quantities and annual growth; it is not an agency expenditure record.,Connected and automated pilot era increases new deployment benefits and costs.
Texas,2019,BC_Analysis_Default_v1,bc_existing_mobility_benefit,Existing Mobility Benefit,32800000,Mock_Default,true,State-year model baseline; no matching authorized monetary record verified,Legacy bc_baseline_mock_v1 supported by ITS JPO Benefits/Costs databases,https://www.itskrs.its.dot.gov/benefits,,"Mock_Default value carried forward: $32,800,000.",Retained from bc_baseline_mock_v1. The legacy value modeled annual benefit growth from comparable ITS JPO findings using assumed deployment exposure; it is not a measured state-year benefit.,Traffic signal control; Traffic incident management; Traveler information systems,32800000,Retained from bc_baseline_mock_v1. The legacy value modeled annual benefit growth from comparable ITS JPO findings using assumed deployment exposure; it is not a measured state-year benefit.,Connected and automated pilot era increases new deployment benefits and costs.
Texas,2019,BC_Analysis_Default_v1,bc_existing_safety_benefit,Existing Safety Benefit,22000000,Mock_Default,true,State-year model baseline; no matching authorized monetary record verified,Legacy bc_baseline_mock_v1 supported by ITS JPO Benefits/Costs databases,https://www.itskrs.its.dot.gov/benefits,,"Mock_Default value carried forward: $22,000,000.",Retained from bc_baseline_mock_v1. The legacy value modeled annual benefit growth from comparable ITS JPO findings using assumed deployment exposure; it is not a measured state-year benefit.,Traffic incident management; Work-zone ITS and queue warning; Speed management,22000000,Retained from bc_baseline_mock_v1. The legacy value modeled annual benefit growth from comparable ITS JPO findings using assumed deployment exposure; it is not a measured state-year benefit.,Connected and automated pilot era increases new deployment benefits and costs.
Texas,2019,BC_Analysis_Default_v1,bc_existing_environment_benefit,Existing Environmental Benefit,1980000,Mock_Default,true,State-year model baseline; no matching authorized monetary record verified,Legacy bc_baseline_mock_v1 supported by ITS JPO Benefits/Costs databases,https://www.itskrs.its.dot.gov/benefits,,"Mock_Default value carried forward: $1,980,000.",Retained from bc_baseline_mock_v1. The legacy value modeled annual benefit growth from comparable ITS JPO findings using assumed deployment exposure; it is not a measured state-year benefit.,Traffic signal control; Ramp metering; Traffic management center operations,1980000,Retained from bc_baseline_mock_v1. The legacy value modeled annual benefit growth from comparable ITS JPO findings using assumed deployment exposure; it is not a measured state-year benefit.,Connected and automated pilot era increases new deployment benefits and costs.
Texas,2019,BC_Analysis_Default_v1,bc_new_mobility_benefit,New Mobility Benefit,5200000,Mock_Default,true,State-year model baseline; no matching authorized monetary record verified,Legacy bc_baseline_mock_v1 supported by ITS JPO Benefits/Costs databases,https://www.itskrs.its.dot.gov/benefits,,"Mock_Default value carried forward: $5,200,000.",Retained from bc_baseline_mock_v1. The legacy value modeled annual benefit growth from comparable ITS JPO findings using assumed deployment exposure; it is not a measured state-year benefit.,Adaptive traffic signal control; Traveler information systems; Active traffic management,5200000,Retained from bc_baseline_mock_v1. The legacy value modeled annual benefit growth from comparable ITS JPO findings using assumed deployment exposure; it is not a measured state-year benefit.,Connected and automated pilot era increases new deployment benefits and costs.
Texas,2019,BC_Analysis_Default_v1,bc_new_safety_benefit,New Safety Benefit,4000000,Mock_Default,true,State-year model baseline; no matching authorized monetary record verified,Legacy bc_baseline_mock_v1 supported by ITS JPO Benefits/Costs databases,https://www.itskrs.its.dot.gov/benefits,,"Mock_Default value carried forward: $4,000,000.",Retained from bc_baseline_mock_v1. The legacy value modeled annual benefit growth from comparable ITS JPO findings using assumed deployment exposure; it is not a measured state-year benefit.,Work-zone ITS and queue warning; Variable speed limits; Emergency vehicle preemption,4000000,Retained from bc_baseline_mock_v1. The legacy value modeled annual benefit growth from comparable ITS JPO findings using assumed deployment exposure; it is not a measured state-year benefit.,Connected and automated pilot era increases new deployment benefits and costs.
Texas,2019,BC_Analysis_Default_v1,bc_new_environment_benefit,New Environmental Benefit,292000,Mock_Default,true,State-year model baseline; no matching authorized monetary record verified,Legacy bc_baseline_mock_v1 supported by ITS JPO Benefits/Costs databases,https://www.itskrs.its.dot.gov/benefits,,"Mock_Default value carried forward: $292,000.",Retained from bc_baseline_mock_v1. The legacy value modeled annual benefit growth from comparable ITS JPO findings using assumed deployment exposure; it is not a measured state-year benefit.,Adaptive traffic signal control; Speed harmonization; Connected-vehicle applications,292000,Retained from bc_baseline_mock_v1. The legacy value modeled annual benefit growth from comparable ITS JPO findings using assumed deployment exposure; it is not a measured state-year benefit.,Connected and automated pilot era increases new deployment benefits and costs.
Texas,2019,BC_Analysis_Default_v1,bc_existing_om_cost_total,Existing ITS O&M Cost,21800000,Mock_Default,true,State-year model baseline; no matching authorized monetary record verified,Legacy bc_baseline_mock_v1 supported by ITS JPO Benefits/Costs databases,https://www.itskrs.its.dot.gov/costs,,"Mock_Default value carried forward: $21,800,000.",Retained from bc_baseline_mock_v1. The legacy value scaled ITS JPO sample unit costs and cost ranges using assumed deployment quantities and annual growth; it is not an agency expenditure record.,Traffic management centers; ITS field devices; Communications systems; Traffic signal systems,21800000,Retained from bc_baseline_mock_v1. The legacy value scaled ITS JPO sample unit costs and cost ranges using assumed deployment quantities and annual growth; it is not an agency expenditure record.,Connected and automated pilot era increases new deployment benefits and costs.
Texas,2019,BC_Analysis_Default_v1,bc_new_cost_total,New ITS Deployment Cost,12600000,Mock_Default,true,State-year model baseline; no matching authorized monetary record verified,Legacy bc_baseline_mock_v1 supported by ITS JPO Benefits/Costs databases,https://www.itskrs.its.dot.gov/costs,,"Mock_Default value carried forward: $12,600,000.",Retained from bc_baseline_mock_v1. The legacy value scaled ITS JPO sample unit costs and cost ranges using assumed deployment quantities and annual growth; it is not an agency expenditure record.,Traffic signal systems; Detection and surveillance; Dynamic message signs; Work-zone ITS,12600000,Retained from bc_baseline_mock_v1. The legacy value scaled ITS JPO sample unit costs and cost ranges using assumed deployment quantities and annual growth; it is not an agency expenditure record.,Connected and automated pilot era increases new deployment benefits and costs.
Texas,2020,BC_Analysis_Default_v1,bc_existing_mobility_benefit,Existing Mobility Benefit,35400000,Mock_Default,true,State-year model baseline; no matching authorized monetary record verified,Legacy bc_baseline_mock_v1 supported by ITS JPO Benefits/Costs databases,https://www.itskrs.its.dot.gov/benefits,,"Mock_Default value carried forward: $35,400,000.",Retained from bc_baseline_mock_v1. The legacy value modeled annual benefit growth from comparable ITS JPO findings using assumed deployment exposure; it is not a measured state-year benefit.,Traffic signal control; Traffic incident management; Traveler information systems,35400000,Retained from bc_baseline_mock_v1. The legacy value modeled annual benefit growth from comparable ITS JPO findings using assumed deployment exposure; it is not a measured state-year benefit.,Includes smart work-zone and signal-control comparable findings from ITS JPO benefit reports.
Texas,2020,BC_Analysis_Default_v1,bc_existing_safety_benefit,Existing Safety Benefit,23800000,Mock_Default,true,State-year model baseline; no matching authorized monetary record verified,Legacy bc_baseline_mock_v1 supported by ITS JPO Benefits/Costs databases,https://www.itskrs.its.dot.gov/benefits,,"Mock_Default value carried forward: $23,800,000.",Retained from bc_baseline_mock_v1. The legacy value modeled annual benefit growth from comparable ITS JPO findings using assumed deployment exposure; it is not a measured state-year benefit.,Traffic incident management; Work-zone ITS and queue warning; Speed management,23800000,Retained from bc_baseline_mock_v1. The legacy value modeled annual benefit growth from comparable ITS JPO findings using assumed deployment exposure; it is not a measured state-year benefit.,Includes smart work-zone and signal-control comparable findings from ITS JPO benefit reports.
Texas,2020,BC_Analysis_Default_v1,bc_existing_environment_benefit,Existing Environmental Benefit,2150000,Mock_Default,true,State-year model baseline; no matching authorized monetary record verified,Legacy bc_baseline_mock_v1 supported by ITS JPO Benefits/Costs databases,https://www.itskrs.its.dot.gov/benefits,,"Mock_Default value carried forward: $2,150,000.",Retained from bc_baseline_mock_v1. The legacy value modeled annual benefit growth from comparable ITS JPO findings using assumed deployment exposure; it is not a measured state-year benefit.,Traffic signal control; Ramp metering; Traffic management center operations,2150000,Retained from bc_baseline_mock_v1. The legacy value modeled annual benefit growth from comparable ITS JPO findings using assumed deployment exposure; it is not a measured state-year benefit.,Includes smart work-zone and signal-control comparable findings from ITS JPO benefit reports.
Texas,2020,BC_Analysis_Default_v1,bc_new_mobility_benefit,New Mobility Benefit,5700000,Mock_Default,true,State-year model baseline; no matching authorized monetary record verified,Legacy bc_baseline_mock_v1 supported by ITS JPO Benefits/Costs databases,https://www.itskrs.its.dot.gov/benefits,,"Mock_Default value carried forward: $5,700,000.",Retained from bc_baseline_mock_v1. The legacy value modeled annual benefit growth from comparable ITS JPO findings using assumed deployment exposure; it is not a measured state-year benefit.,Adaptive traffic signal control; Traveler information systems; Active traffic management,5700000,Retained from bc_baseline_mock_v1. The legacy value modeled annual benefit growth from comparable ITS JPO findings using assumed deployment exposure; it is not a measured state-year benefit.,Includes smart work-zone and signal-control comparable findings from ITS JPO benefit reports.
Texas,2020,BC_Analysis_Default_v1,bc_new_safety_benefit,New Safety Benefit,4400000,Mock_Default,true,State-year model baseline; no matching authorized monetary record verified,Legacy bc_baseline_mock_v1 supported by ITS JPO Benefits/Costs databases,https://www.itskrs.its.dot.gov/benefits,,"Mock_Default value carried forward: $4,400,000.",Retained from bc_baseline_mock_v1. The legacy value modeled annual benefit growth from comparable ITS JPO findings using assumed deployment exposure; it is not a measured state-year benefit.,Work-zone ITS and queue warning; Variable speed limits; Emergency vehicle preemption,4400000,Retained from bc_baseline_mock_v1. The legacy value modeled annual benefit growth from comparable ITS JPO findings using assumed deployment exposure; it is not a measured state-year benefit.,Includes smart work-zone and signal-control comparable findings from ITS JPO benefit reports.
Texas,2020,BC_Analysis_Default_v1,bc_new_environment_benefit,New Environmental Benefit,320000,Mock_Default,true,State-year model baseline; no matching authorized monetary record verified,Legacy bc_baseline_mock_v1 supported by ITS JPO Benefits/Costs databases,https://www.itskrs.its.dot.gov/benefits,,"Mock_Default value carried forward: $320,000.",Retained from bc_baseline_mock_v1. The legacy value modeled annual benefit growth from comparable ITS JPO findings using assumed deployment exposure; it is not a measured state-year benefit.,Adaptive traffic signal control; Speed harmonization; Connected-vehicle applications,320000,Retained from bc_baseline_mock_v1. The legacy value modeled annual benefit growth from comparable ITS JPO findings using assumed deployment exposure; it is not a measured state-year benefit.,Includes smart work-zone and signal-control comparable findings from ITS JPO benefit reports.
Texas,2020,BC_Analysis_Default_v1,bc_existing_om_cost_total,Existing ITS O&M Cost,23000000,Mock_Default,true,State-year model baseline; no matching authorized monetary record verified,Legacy bc_baseline_mock_v1 supported by ITS JPO Benefits/Costs databases,https://www.itskrs.its.dot.gov/costs,,"Mock_Default value carried forward: $23,000,000.",Retained from bc_baseline_mock_v1. The legacy value scaled ITS JPO sample unit costs and cost ranges using assumed deployment quantities and annual growth; it is not an agency expenditure record.,Traffic management centers; ITS field devices; Communications systems; Traffic signal systems,23000000,Retained from bc_baseline_mock_v1. The legacy value scaled ITS JPO sample unit costs and cost ranges using assumed deployment quantities and annual growth; it is not an agency expenditure record.,Includes smart work-zone and signal-control comparable findings from ITS JPO benefit reports.
Texas,2020,BC_Analysis_Default_v1,bc_new_cost_total,New ITS Deployment Cost,13600000,Mock_Default,true,State-year model baseline; no matching authorized monetary record verified,Legacy bc_baseline_mock_v1 supported by ITS JPO Benefits/Costs databases,https://www.itskrs.its.dot.gov/costs,,"Mock_Default value carried forward: $13,600,000.",Retained from bc_baseline_mock_v1. The legacy value scaled ITS JPO sample unit costs and cost ranges using assumed deployment quantities and annual growth; it is not an agency expenditure record.,Traffic signal systems; Detection and surveillance; Dynamic message signs; Work-zone ITS,13600000,Retained from bc_baseline_mock_v1. The legacy value scaled ITS JPO sample unit costs and cost ranges using assumed deployment quantities and annual growth; it is not an agency expenditure record.,Includes smart work-zone and signal-control comparable findings from ITS JPO benefit reports.
Texas,2021,BC_Analysis_Default_v1,bc_existing_mobility_benefit,Existing Mobility Benefit,38200000,Mock_Default,true,State-year model baseline; no matching authorized monetary record verified,Legacy bc_baseline_mock_v1 supported by ITS JPO Benefits/Costs databases,https://www.itskrs.its.dot.gov/benefits,,"Mock_Default value carried forward: $38,200,000.",Retained from bc_baseline_mock_v1. The legacy value modeled annual benefit growth from comparable ITS JPO findings using assumed deployment exposure; it is not a measured state-year benefit.,Traffic signal control; Traffic incident management; Traveler information systems,38200000,Retained from bc_baseline_mock_v1. The legacy value modeled annual benefit growth from comparable ITS JPO findings using assumed deployment exposure; it is not a measured state-year benefit.,Includes smart work-zone and signal-control comparable findings from ITS JPO benefit reports.
Texas,2021,BC_Analysis_Default_v1,bc_existing_safety_benefit,Existing Safety Benefit,25700000,Mock_Default,true,State-year model baseline; no matching authorized monetary record verified,Legacy bc_baseline_mock_v1 supported by ITS JPO Benefits/Costs databases,https://www.itskrs.its.dot.gov/benefits,,"Mock_Default value carried forward: $25,700,000.",Retained from bc_baseline_mock_v1. The legacy value modeled annual benefit growth from comparable ITS JPO findings using assumed deployment exposure; it is not a measured state-year benefit.,Traffic incident management; Work-zone ITS and queue warning; Speed management,25700000,Retained from bc_baseline_mock_v1. The legacy value modeled annual benefit growth from comparable ITS JPO findings using assumed deployment exposure; it is not a measured state-year benefit.,Includes smart work-zone and signal-control comparable findings from ITS JPO benefit reports.
Texas,2021,BC_Analysis_Default_v1,bc_existing_environment_benefit,Existing Environmental Benefit,2330000,Mock_Default,true,State-year model baseline; no matching authorized monetary record verified,Legacy bc_baseline_mock_v1 supported by ITS JPO Benefits/Costs databases,https://www.itskrs.its.dot.gov/benefits,,"Mock_Default value carried forward: $2,330,000.",Retained from bc_baseline_mock_v1. The legacy value modeled annual benefit growth from comparable ITS JPO findings using assumed deployment exposure; it is not a measured state-year benefit.,Traffic signal control; Ramp metering; Traffic management center operations,2330000,Retained from bc_baseline_mock_v1. The legacy value modeled annual benefit growth from comparable ITS JPO findings using assumed deployment exposure; it is not a measured state-year benefit.,Includes smart work-zone and signal-control comparable findings from ITS JPO benefit reports.
Texas,2021,BC_Analysis_Default_v1,bc_new_mobility_benefit,New Mobility Benefit,6300000,Mock_Default,true,State-year model baseline; no matching authorized monetary record verified,Legacy bc_baseline_mock_v1 supported by ITS JPO Benefits/Costs databases,https://www.itskrs.its.dot.gov/benefits,,"Mock_Default value carried forward: $6,300,000.",Retained from bc_baseline_mock_v1. The legacy value modeled annual benefit growth from comparable ITS JPO findings using assumed deployment exposure; it is not a measured state-year benefit.,Adaptive traffic signal control; Traveler information systems; Active traffic management,6300000,Retained from bc_baseline_mock_v1. The legacy value modeled annual benefit growth from comparable ITS JPO findings using assumed deployment exposure; it is not a measured state-year benefit.,Includes smart work-zone and signal-control comparable findings from ITS JPO benefit reports.
Texas,2021,BC_Analysis_Default_v1,bc_new_safety_benefit,New Safety Benefit,4850000,Mock_Default,true,State-year model baseline; no matching authorized monetary record verified,Legacy bc_baseline_mock_v1 supported by ITS JPO Benefits/Costs databases,https://www.itskrs.its.dot.gov/benefits,,"Mock_Default value carried forward: $4,850,000.",Retained from bc_baseline_mock_v1. The legacy value modeled annual benefit growth from comparable ITS JPO findings using assumed deployment exposure; it is not a measured state-year benefit.,Work-zone ITS and queue warning; Variable speed limits; Emergency vehicle preemption,4850000,Retained from bc_baseline_mock_v1. The legacy value modeled annual benefit growth from comparable ITS JPO findings using assumed deployment exposure; it is not a measured state-year benefit.,Includes smart work-zone and signal-control comparable findings from ITS JPO benefit reports.
Texas,2021,BC_Analysis_Default_v1,bc_new_environment_benefit,New Environmental Benefit,352000,Mock_Default,true,State-year model baseline; no matching authorized monetary record verified,Legacy bc_baseline_mock_v1 supported by ITS JPO Benefits/Costs databases,https://www.itskrs.its.dot.gov/benefits,,"Mock_Default value carried forward: $352,000.",Retained from bc_baseline_mock_v1. The legacy value modeled annual benefit growth from comparable ITS JPO findings using assumed deployment exposure; it is not a measured state-year benefit.,Adaptive traffic signal control; Speed harmonization; Connected-vehicle applications,352000,Retained from bc_baseline_mock_v1. The legacy value modeled annual benefit growth from comparable ITS JPO findings using assumed deployment exposure; it is not a measured state-year benefit.,Includes smart work-zone and signal-control comparable findings from ITS JPO benefit reports.
Texas,2021,BC_Analysis_Default_v1,bc_existing_om_cost_total,Existing ITS O&M Cost,23800000,Mock_Default,true,State-year model baseline; no matching authorized monetary record verified,Legacy bc_baseline_mock_v1 supported by ITS JPO Benefits/Costs databases,https://www.itskrs.its.dot.gov/costs,,"Mock_Default value carried forward: $23,800,000.",Retained from bc_baseline_mock_v1. The legacy value scaled ITS JPO sample unit costs and cost ranges using assumed deployment quantities and annual growth; it is not an agency expenditure record.,Traffic management centers; ITS field devices; Communications systems; Traffic signal systems,23800000,Retained from bc_baseline_mock_v1. The legacy value scaled ITS JPO sample unit costs and cost ranges using assumed deployment quantities and annual growth; it is not an agency expenditure record.,Includes smart work-zone and signal-control comparable findings from ITS JPO benefit reports.
Texas,2021,BC_Analysis_Default_v1,bc_new_cost_total,New ITS Deployment Cost,14500000,Mock_Default,true,State-year model baseline; no matching authorized monetary record verified,Legacy bc_baseline_mock_v1 supported by ITS JPO Benefits/Costs databases,https://www.itskrs.its.dot.gov/costs,,"Mock_Default value carried forward: $14,500,000.",Retained from bc_baseline_mock_v1. The legacy value scaled ITS JPO sample unit costs and cost ranges using assumed deployment quantities and annual growth; it is not an agency expenditure record.,Traffic signal systems; Detection and surveillance; Dynamic message signs; Work-zone ITS,14500000,Retained from bc_baseline_mock_v1. The legacy value scaled ITS JPO sample unit costs and cost ranges using assumed deployment quantities and annual growth; it is not an agency expenditure record.,Includes smart work-zone and signal-control comparable findings from ITS JPO benefit reports.
Texas,2022,BC_Analysis_Default_v1,bc_existing_mobility_benefit,Existing Mobility Benefit,41300000,Mock_Default,true,State-year model baseline; no matching authorized monetary record verified,Legacy bc_baseline_mock_v1 supported by ITS JPO Benefits/Costs databases,https://www.itskrs.its.dot.gov/benefits,,"Mock_Default value carried forward: $41,300,000.",Retained from bc_baseline_mock_v1. The legacy value modeled annual benefit growth from comparable ITS JPO findings using assumed deployment exposure; it is not a measured state-year benefit.,Traffic signal control; Traffic incident management; Traveler information systems,41300000,Retained from bc_baseline_mock_v1. The legacy value modeled annual benefit growth from comparable ITS JPO findings using assumed deployment exposure; it is not a measured state-year benefit.,Includes smart work-zone and signal-control comparable findings from ITS JPO benefit reports.
Texas,2022,BC_Analysis_Default_v1,bc_existing_safety_benefit,Existing Safety Benefit,27700000,Mock_Default,true,State-year model baseline; no matching authorized monetary record verified,Legacy bc_baseline_mock_v1 supported by ITS JPO Benefits/Costs databases,https://www.itskrs.its.dot.gov/benefits,,"Mock_Default value carried forward: $27,700,000.",Retained from bc_baseline_mock_v1. The legacy value modeled annual benefit growth from comparable ITS JPO findings using assumed deployment exposure; it is not a measured state-year benefit.,Traffic incident management; Work-zone ITS and queue warning; Speed management,27700000,Retained from bc_baseline_mock_v1. The legacy value modeled annual benefit growth from comparable ITS JPO findings using assumed deployment exposure; it is not a measured state-year benefit.,Includes smart work-zone and signal-control comparable findings from ITS JPO benefit reports.
Texas,2022,BC_Analysis_Default_v1,bc_existing_environment_benefit,Existing Environmental Benefit,2520000,Mock_Default,true,State-year model baseline; no matching authorized monetary record verified,Legacy bc_baseline_mock_v1 supported by ITS JPO Benefits/Costs databases,https://www.itskrs.its.dot.gov/benefits,,"Mock_Default value carried forward: $2,520,000.",Retained from bc_baseline_mock_v1. The legacy value modeled annual benefit growth from comparable ITS JPO findings using assumed deployment exposure; it is not a measured state-year benefit.,Traffic signal control; Ramp metering; Traffic management center operations,2520000,Retained from bc_baseline_mock_v1. The legacy value modeled annual benefit growth from comparable ITS JPO findings using assumed deployment exposure; it is not a measured state-year benefit.,Includes smart work-zone and signal-control comparable findings from ITS JPO benefit reports.
Texas,2022,BC_Analysis_Default_v1,bc_new_mobility_benefit,New Mobility Benefit,7000000,Mock_Default,true,State-year model baseline; no matching authorized monetary record verified,Legacy bc_baseline_mock_v1 supported by ITS JPO Benefits/Costs databases,https://www.itskrs.its.dot.gov/benefits,,"Mock_Default value carried forward: $7,000,000.",Retained from bc_baseline_mock_v1. The legacy value modeled annual benefit growth from comparable ITS JPO findings using assumed deployment exposure; it is not a measured state-year benefit.,Adaptive traffic signal control; Traveler information systems; Active traffic management,7000000,Retained from bc_baseline_mock_v1. The legacy value modeled annual benefit growth from comparable ITS JPO findings using assumed deployment exposure; it is not a measured state-year benefit.,Includes smart work-zone and signal-control comparable findings from ITS JPO benefit reports.
Texas,2022,BC_Analysis_Default_v1,bc_new_safety_benefit,New Safety Benefit,5400000,Mock_Default,true,State-year model baseline; no matching authorized monetary record verified,Legacy bc_baseline_mock_v1 supported by ITS JPO Benefits/Costs databases,https://www.itskrs.its.dot.gov/benefits,,"Mock_Default value carried forward: $5,400,000.",Retained from bc_baseline_mock_v1. The legacy value modeled annual benefit growth from comparable ITS JPO findings using assumed deployment exposure; it is not a measured state-year benefit.,Work-zone ITS and queue warning; Variable speed limits; Emergency vehicle preemption,5400000,Retained from bc_baseline_mock_v1. The legacy value modeled annual benefit growth from comparable ITS JPO findings using assumed deployment exposure; it is not a measured state-year benefit.,Includes smart work-zone and signal-control comparable findings from ITS JPO benefit reports.
Texas,2022,BC_Analysis_Default_v1,bc_new_environment_benefit,New Environmental Benefit,390000,Mock_Default,true,State-year model baseline; no matching authorized monetary record verified,Legacy bc_baseline_mock_v1 supported by ITS JPO Benefits/Costs databases,https://www.itskrs.its.dot.gov/benefits,,"Mock_Default value carried forward: $390,000.",Retained from bc_baseline_mock_v1. The legacy value modeled annual benefit growth from comparable ITS JPO findings using assumed deployment exposure; it is not a measured state-year benefit.,Adaptive traffic signal control; Speed harmonization; Connected-vehicle applications,390000,Retained from bc_baseline_mock_v1. The legacy value modeled annual benefit growth from comparable ITS JPO findings using assumed deployment exposure; it is not a measured state-year benefit.,Includes smart work-zone and signal-control comparable findings from ITS JPO benefit reports.
Texas,2022,BC_Analysis_Default_v1,bc_existing_om_cost_total,Existing ITS O&M Cost,24200000,Mock_Default,true,State-year model baseline; no matching authorized monetary record verified,Legacy bc_baseline_mock_v1 supported by ITS JPO Benefits/Costs databases,https://www.itskrs.its.dot.gov/costs,,"Mock_Default value carried forward: $24,200,000.",Retained from bc_baseline_mock_v1. The legacy value scaled ITS JPO sample unit costs and cost ranges using assumed deployment quantities and annual growth; it is not an agency expenditure record.,Traffic management centers; ITS field devices; Communications systems; Traffic signal systems,24200000,Retained from bc_baseline_mock_v1. The legacy value scaled ITS JPO sample unit costs and cost ranges using assumed deployment quantities and annual growth; it is not an agency expenditure record.,Includes smart work-zone and signal-control comparable findings from ITS JPO benefit reports.
Texas,2022,BC_Analysis_Default_v1,bc_new_cost_total,New ITS Deployment Cost,15400000,Mock_Default,true,State-year model baseline; no matching authorized monetary record verified,Legacy bc_baseline_mock_v1 supported by ITS JPO Benefits/Costs databases,https://www.itskrs.its.dot.gov/costs,,"Mock_Default value carried forward: $15,400,000.",Retained from bc_baseline_mock_v1. The legacy value scaled ITS JPO sample unit costs and cost ranges using assumed deployment quantities and annual growth; it is not an agency expenditure record.,Traffic signal systems; Detection and surveillance; Dynamic message signs; Work-zone ITS,15400000,Retained from bc_baseline_mock_v1. The legacy value scaled ITS JPO sample unit costs and cost ranges using assumed deployment quantities and annual growth; it is not an agency expenditure record.,Includes smart work-zone and signal-control comparable findings from ITS JPO benefit reports.
Texas,2023,BC_Analysis_Default_v1,bc_existing_mobility_benefit,Existing Mobility Benefit,50000000,Mock_Default,true,State-year model baseline; no matching authorized monetary record verified,Legacy bc_baseline_mock_v1 supported by ITS JPO Benefits/Costs databases,https://www.itskrs.its.dot.gov/benefits,,"Mock_Default value carried forward: $50,000,000.",Retained from bc_baseline_mock_v1. The legacy value modeled annual benefit growth from comparable ITS JPO findings using assumed deployment exposure; it is not a measured state-year benefit.,Traffic signal control; Traffic incident management; Traveler information systems,50000000,Retained from bc_baseline_mock_v1. The legacy value modeled annual benefit growth from comparable ITS JPO findings using assumed deployment exposure; it is not a measured state-year benefit.,Current-year mock default with high benefit due to mature ITS footprint; replace with agency budget and before-after results when available.
Texas,2023,BC_Analysis_Default_v1,bc_existing_safety_benefit,Existing Safety Benefit,36000000,Mock_Default,true,State-year model baseline; no matching authorized monetary record verified,Legacy bc_baseline_mock_v1 supported by ITS JPO Benefits/Costs databases,https://www.itskrs.its.dot.gov/benefits,,"Mock_Default value carried forward: $36,000,000.",Retained from bc_baseline_mock_v1. The legacy value modeled annual benefit growth from comparable ITS JPO findings using assumed deployment exposure; it is not a measured state-year benefit.,Traffic incident management; Work-zone ITS and queue warning; Speed management,36000000,Retained from bc_baseline_mock_v1. The legacy value modeled annual benefit growth from comparable ITS JPO findings using assumed deployment exposure; it is not a measured state-year benefit.,Current-year mock default with high benefit due to mature ITS footprint; replace with agency budget and before-after results when available.
Texas,2023,BC_Analysis_Default_v1,bc_existing_environment_benefit,Existing Environmental Benefit,2500000,Mock_Default,true,State-year model baseline; no matching authorized monetary record verified,Legacy bc_baseline_mock_v1 supported by ITS JPO Benefits/Costs databases,https://www.itskrs.its.dot.gov/benefits,,"Mock_Default value carried forward: $2,500,000.",Retained from bc_baseline_mock_v1. The legacy value modeled annual benefit growth from comparable ITS JPO findings using assumed deployment exposure; it is not a measured state-year benefit.,Traffic signal control; Ramp metering; Traffic management center operations,2500000,Retained from bc_baseline_mock_v1. The legacy value modeled annual benefit growth from comparable ITS JPO findings using assumed deployment exposure; it is not a measured state-year benefit.,Current-year mock default with high benefit due to mature ITS footprint; replace with agency budget and before-after results when available.
Texas,2023,BC_Analysis_Default_v1,bc_new_mobility_benefit,New Mobility Benefit,9000000,Mock_Default,true,State-year model baseline; no matching authorized monetary record verified,Legacy bc_baseline_mock_v1 supported by ITS JPO Benefits/Costs databases,https://www.itskrs.its.dot.gov/benefits,,"Mock_Default value carried forward: $9,000,000.",Retained from bc_baseline_mock_v1. The legacy value modeled annual benefit growth from comparable ITS JPO findings using assumed deployment exposure; it is not a measured state-year benefit.,Adaptive traffic signal control; Traveler information systems; Active traffic management,9000000,Retained from bc_baseline_mock_v1. The legacy value modeled annual benefit growth from comparable ITS JPO findings using assumed deployment exposure; it is not a measured state-year benefit.,Current-year mock default with high benefit due to mature ITS footprint; replace with agency budget and before-after results when available.
Texas,2023,BC_Analysis_Default_v1,bc_new_safety_benefit,New Safety Benefit,6500000,Mock_Default,true,State-year model baseline; no matching authorized monetary record verified,Legacy bc_baseline_mock_v1 supported by ITS JPO Benefits/Costs databases,https://www.itskrs.its.dot.gov/benefits,,"Mock_Default value carried forward: $6,500,000.",Retained from bc_baseline_mock_v1. The legacy value modeled annual benefit growth from comparable ITS JPO findings using assumed deployment exposure; it is not a measured state-year benefit.,Work-zone ITS and queue warning; Variable speed limits; Emergency vehicle preemption,6500000,Retained from bc_baseline_mock_v1. The legacy value modeled annual benefit growth from comparable ITS JPO findings using assumed deployment exposure; it is not a measured state-year benefit.,Current-year mock default with high benefit due to mature ITS footprint; replace with agency budget and before-after results when available.
Texas,2023,BC_Analysis_Default_v1,bc_new_environment_benefit,New Environmental Benefit,550000,Mock_Default,true,State-year model baseline; no matching authorized monetary record verified,Legacy bc_baseline_mock_v1 supported by ITS JPO Benefits/Costs databases,https://www.itskrs.its.dot.gov/benefits,,"Mock_Default value carried forward: $550,000.",Retained from bc_baseline_mock_v1. The legacy value modeled annual benefit growth from comparable ITS JPO findings using assumed deployment exposure; it is not a measured state-year benefit.,Adaptive traffic signal control; Speed harmonization; Connected-vehicle applications,550000,Retained from bc_baseline_mock_v1. The legacy value modeled annual benefit growth from comparable ITS JPO findings using assumed deployment exposure; it is not a measured state-year benefit.,Current-year mock default with high benefit due to mature ITS footprint; replace with agency budget and before-after results when available.
Texas,2023,BC_Analysis_Default_v1,bc_existing_om_cost_total,Existing ITS O&M Cost,24000000,Mock_Default,true,State-year model baseline; no matching authorized monetary record verified,Legacy bc_baseline_mock_v1 supported by ITS JPO Benefits/Costs databases,https://www.itskrs.its.dot.gov/costs,,"Mock_Default value carried forward: $24,000,000.",Retained from bc_baseline_mock_v1. The legacy value scaled ITS JPO sample unit costs and cost ranges using assumed deployment quantities and annual growth; it is not an agency expenditure record.,Traffic management centers; ITS field devices; Communications systems; Traffic signal systems,24000000,Retained from bc_baseline_mock_v1. The legacy value scaled ITS JPO sample unit costs and cost ranges using assumed deployment quantities and annual growth; it is not an agency expenditure record.,Current-year mock default with high benefit due to mature ITS footprint; replace with agency budget and before-after results when available.
Texas,2023,BC_Analysis_Default_v1,bc_new_cost_total,New ITS Deployment Cost,13000000,Mock_Default,true,State-year model baseline; no matching authorized monetary record verified,Legacy bc_baseline_mock_v1 supported by ITS JPO Benefits/Costs databases,https://www.itskrs.its.dot.gov/costs,,"Mock_Default value carried forward: $13,000,000.",Retained from bc_baseline_mock_v1. The legacy value scaled ITS JPO sample unit costs and cost ranges using assumed deployment quantities and annual growth; it is not an agency expenditure record.,Traffic signal systems; Detection and surveillance; Dynamic message signs; Work-zone ITS,13000000,Retained from bc_baseline_mock_v1. The legacy value scaled ITS JPO sample unit costs and cost ranges using assumed deployment quantities and annual growth; it is not an agency expenditure record.,Current-year mock default with high benefit due to mature ITS footprint; replace with agency budget and before-after results when available.
New Jersey,2000,BC_Analysis_Default_v1,bc_existing_mobility_benefit,Existing Mobility Benefit,70470000,Authorized_Derived,false,New Jersey Turnpike E-ZPass deployment; project-level annual mobility benefit,Operational and Traffic Benefits of E-ZPass to the New Jersey Turnpike; USDOT 2026 BCA Guidance,https://www.itskrs.its.dot.gov/2007-b00421; https://www.transportation.gov/sites/dot.gov/files/2025-12/Benefit%20Cost%20Analysis%20Guidance%202026%20Update%20%28Final%29.pdf,2001,"The evaluation reported 1.8 million passenger-car vehicle-hours and 291,000 truck vehicle-hours saved annually.","Passenger benefit = 1,800,000 vehicle-hours x 1.52 persons/vehicle x $21.80/person-hour. Truck-operator benefit = 291,000 hours x $37.20/hour. Sum = $70,470,000 in 2024 dollars; freight inventory and environmental benefits are excluded.",Electronic toll collection; E-ZPass; Toll-plaza traffic management,3500000,Retained from bc_baseline_mock_v1. The legacy value modeled annual benefit growth from comparable ITS JPO findings using assumed deployment exposure; it is not a measured state-year benefit.,Derived from authorized physical measures and USDOT national monetization factors; not a value printed directly in the deployment report.
New Jersey,2000,BC_Analysis_Default_v1,bc_existing_safety_benefit,Existing Safety Benefit,2500000,Mock_Default,true,State-year model baseline; no matching authorized monetary record verified,Legacy bc_baseline_mock_v1 supported by ITS JPO Benefits/Costs databases,https://www.itskrs.its.dot.gov/benefits,,"Mock_Default value carried forward: $2,500,000.",Retained from bc_baseline_mock_v1. The legacy value modeled annual benefit growth from comparable ITS JPO findings using assumed deployment exposure; it is not a measured state-year benefit.,Traffic incident management; Work-zone ITS and queue warning; Speed management,2500000,Retained from bc_baseline_mock_v1. The legacy value modeled annual benefit growth from comparable ITS JPO findings using assumed deployment exposure; it is not a measured state-year benefit.,Early TOC and corridor operations baseline with conservative monetized benefits.
New Jersey,2000,BC_Analysis_Default_v1,bc_existing_environment_benefit,Existing Environmental Benefit,150000,Mock_Default,true,State-year model baseline; no matching authorized monetary record verified,Legacy bc_baseline_mock_v1 supported by ITS JPO Benefits/Costs databases,https://www.itskrs.its.dot.gov/benefits,,"Mock_Default value carried forward: $150,000.",Retained from bc_baseline_mock_v1. The legacy value modeled annual benefit growth from comparable ITS JPO findings using assumed deployment exposure; it is not a measured state-year benefit.,Traffic signal control; Ramp metering; Traffic management center operations,150000,Retained from bc_baseline_mock_v1. The legacy value modeled annual benefit growth from comparable ITS JPO findings using assumed deployment exposure; it is not a measured state-year benefit.,Early TOC and corridor operations baseline with conservative monetized benefits.
New Jersey,2000,BC_Analysis_Default_v1,bc_new_mobility_benefit,New Mobility Benefit,450000,Mock_Default,true,State-year model baseline; no matching authorized monetary record verified,Legacy bc_baseline_mock_v1 supported by ITS JPO Benefits/Costs databases,https://www.itskrs.its.dot.gov/benefits,,"Mock_Default value carried forward: $450,000.",Retained from bc_baseline_mock_v1. The legacy value modeled annual benefit growth from comparable ITS JPO findings using assumed deployment exposure; it is not a measured state-year benefit.,Adaptive traffic signal control; Traveler information systems; Active traffic management,450000,Retained from bc_baseline_mock_v1. The legacy value modeled annual benefit growth from comparable ITS JPO findings using assumed deployment exposure; it is not a measured state-year benefit.,Early TOC and corridor operations baseline with conservative monetized benefits.
New Jersey,2000,BC_Analysis_Default_v1,bc_new_safety_benefit,New Safety Benefit,350000,Mock_Default,true,State-year model baseline; no matching authorized monetary record verified,Legacy bc_baseline_mock_v1 supported by ITS JPO Benefits/Costs databases,https://www.itskrs.its.dot.gov/benefits,,"Mock_Default value carried forward: $350,000.",Retained from bc_baseline_mock_v1. The legacy value modeled annual benefit growth from comparable ITS JPO findings using assumed deployment exposure; it is not a measured state-year benefit.,Work-zone ITS and queue warning; Variable speed limits; Emergency vehicle preemption,350000,Retained from bc_baseline_mock_v1. The legacy value modeled annual benefit growth from comparable ITS JPO findings using assumed deployment exposure; it is not a measured state-year benefit.,Early TOC and corridor operations baseline with conservative monetized benefits.
New Jersey,2000,BC_Analysis_Default_v1,bc_new_environment_benefit,New Environmental Benefit,25000,Mock_Default,true,State-year model baseline; no matching authorized monetary record verified,Legacy bc_baseline_mock_v1 supported by ITS JPO Benefits/Costs databases,https://www.itskrs.its.dot.gov/benefits,,"Mock_Default value carried forward: $25,000.",Retained from bc_baseline_mock_v1. The legacy value modeled annual benefit growth from comparable ITS JPO findings using assumed deployment exposure; it is not a measured state-year benefit.,Adaptive traffic signal control; Speed harmonization; Connected-vehicle applications,25000,Retained from bc_baseline_mock_v1. The legacy value modeled annual benefit growth from comparable ITS JPO findings using assumed deployment exposure; it is not a measured state-year benefit.,Early TOC and corridor operations baseline with conservative monetized benefits.
New Jersey,2000,BC_Analysis_Default_v1,bc_existing_om_cost_total,Existing ITS O&M Cost,2500000,Mock_Default,true,State-year model baseline; no matching authorized monetary record verified,Legacy bc_baseline_mock_v1 supported by ITS JPO Benefits/Costs databases,https://www.itskrs.its.dot.gov/costs,,"Mock_Default value carried forward: $2,500,000.",Retained from bc_baseline_mock_v1. The legacy value scaled ITS JPO sample unit costs and cost ranges using assumed deployment quantities and annual growth; it is not an agency expenditure record.,Traffic management centers; ITS field devices; Communications systems; Traffic signal systems,2500000,Retained from bc_baseline_mock_v1. The legacy value scaled ITS JPO sample unit costs and cost ranges using assumed deployment quantities and annual growth; it is not an agency expenditure record.,Early TOC and corridor operations baseline with conservative monetized benefits.
New Jersey,2000,BC_Analysis_Default_v1,bc_new_cost_total,New ITS Deployment Cost,1200000,Mock_Default,true,State-year model baseline; no matching authorized monetary record verified,Legacy bc_baseline_mock_v1 supported by ITS JPO Benefits/Costs databases,https://www.itskrs.its.dot.gov/costs,,"Mock_Default value carried forward: $1,200,000.",Retained from bc_baseline_mock_v1. The legacy value scaled ITS JPO sample unit costs and cost ranges using assumed deployment quantities and annual growth; it is not an agency expenditure record.,Traffic signal systems; Detection and surveillance; Dynamic message signs; Work-zone ITS,1200000,Retained from bc_baseline_mock_v1. The legacy value scaled ITS JPO sample unit costs and cost ranges using assumed deployment quantities and annual growth; it is not an agency expenditure record.,Early TOC and corridor operations baseline with conservative monetized benefits.
New Jersey,2001,BC_Analysis_Default_v1,bc_existing_mobility_benefit,Existing Mobility Benefit,3750000,Mock_Default,true,State-year model baseline; no matching authorized monetary record verified,Legacy bc_baseline_mock_v1 supported by ITS JPO Benefits/Costs databases,https://www.itskrs.its.dot.gov/benefits,,"Mock_Default value carried forward: $3,750,000.",Retained from bc_baseline_mock_v1. The legacy value modeled annual benefit growth from comparable ITS JPO findings using assumed deployment exposure; it is not a measured state-year benefit.,Traffic signal control; Traffic incident management; Traveler information systems,3750000,Retained from bc_baseline_mock_v1. The legacy value modeled annual benefit growth from comparable ITS JPO findings using assumed deployment exposure; it is not a measured state-year benefit.,Incremental growth reflects maturing TOC and incident management capability.
New Jersey,2001,BC_Analysis_Default_v1,bc_existing_safety_benefit,Existing Safety Benefit,2700000,Mock_Default,true,State-year model baseline; no matching authorized monetary record verified,Legacy bc_baseline_mock_v1 supported by ITS JPO Benefits/Costs databases,https://www.itskrs.its.dot.gov/benefits,,"Mock_Default value carried forward: $2,700,000.",Retained from bc_baseline_mock_v1. The legacy value modeled annual benefit growth from comparable ITS JPO findings using assumed deployment exposure; it is not a measured state-year benefit.,Traffic incident management; Work-zone ITS and queue warning; Speed management,2700000,Retained from bc_baseline_mock_v1. The legacy value modeled annual benefit growth from comparable ITS JPO findings using assumed deployment exposure; it is not a measured state-year benefit.,Incremental growth reflects maturing TOC and incident management capability.
New Jersey,2001,BC_Analysis_Default_v1,bc_existing_environment_benefit,Existing Environmental Benefit,160000,Mock_Default,true,State-year model baseline; no matching authorized monetary record verified,Legacy bc_baseline_mock_v1 supported by ITS JPO Benefits/Costs databases,https://www.itskrs.its.dot.gov/benefits,,"Mock_Default value carried forward: $160,000.",Retained from bc_baseline_mock_v1. The legacy value modeled annual benefit growth from comparable ITS JPO findings using assumed deployment exposure; it is not a measured state-year benefit.,Traffic signal control; Ramp metering; Traffic management center operations,160000,Retained from bc_baseline_mock_v1. The legacy value modeled annual benefit growth from comparable ITS JPO findings using assumed deployment exposure; it is not a measured state-year benefit.,Incremental growth reflects maturing TOC and incident management capability.
New Jersey,2001,BC_Analysis_Default_v1,bc_new_mobility_benefit,New Mobility Benefit,480000,Mock_Default,true,State-year model baseline; no matching authorized monetary record verified,Legacy bc_baseline_mock_v1 supported by ITS JPO Benefits/Costs databases,https://www.itskrs.its.dot.gov/benefits,,"Mock_Default value carried forward: $480,000.",Retained from bc_baseline_mock_v1. The legacy value modeled annual benefit growth from comparable ITS JPO findings using assumed deployment exposure; it is not a measured state-year benefit.,Adaptive traffic signal control; Traveler information systems; Active traffic management,480000,Retained from bc_baseline_mock_v1. The legacy value modeled annual benefit growth from comparable ITS JPO findings using assumed deployment exposure; it is not a measured state-year benefit.,Incremental growth reflects maturing TOC and incident management capability.
New Jersey,2001,BC_Analysis_Default_v1,bc_new_safety_benefit,New Safety Benefit,365000,Mock_Default,true,State-year model baseline; no matching authorized monetary record verified,Legacy bc_baseline_mock_v1 supported by ITS JPO Benefits/Costs databases,https://www.itskrs.its.dot.gov/benefits,,"Mock_Default value carried forward: $365,000.",Retained from bc_baseline_mock_v1. The legacy value modeled annual benefit growth from comparable ITS JPO findings using assumed deployment exposure; it is not a measured state-year benefit.,Work-zone ITS and queue warning; Variable speed limits; Emergency vehicle preemption,365000,Retained from bc_baseline_mock_v1. The legacy value modeled annual benefit growth from comparable ITS JPO findings using assumed deployment exposure; it is not a measured state-year benefit.,Incremental growth reflects maturing TOC and incident management capability.
New Jersey,2001,BC_Analysis_Default_v1,bc_new_environment_benefit,New Environmental Benefit,26000,Mock_Default,true,State-year model baseline; no matching authorized monetary record verified,Legacy bc_baseline_mock_v1 supported by ITS JPO Benefits/Costs databases,https://www.itskrs.its.dot.gov/benefits,,"Mock_Default value carried forward: $26,000.",Retained from bc_baseline_mock_v1. The legacy value modeled annual benefit growth from comparable ITS JPO findings using assumed deployment exposure; it is not a measured state-year benefit.,Adaptive traffic signal control; Speed harmonization; Connected-vehicle applications,26000,Retained from bc_baseline_mock_v1. The legacy value modeled annual benefit growth from comparable ITS JPO findings using assumed deployment exposure; it is not a measured state-year benefit.,Incremental growth reflects maturing TOC and incident management capability.
New Jersey,2001,BC_Analysis_Default_v1,bc_existing_om_cost_total,Existing ITS O&M Cost,2600000,Mock_Default,true,State-year model baseline; no matching authorized monetary record verified,Legacy bc_baseline_mock_v1 supported by ITS JPO Benefits/Costs databases,https://www.itskrs.its.dot.gov/costs,,"Mock_Default value carried forward: $2,600,000.",Retained from bc_baseline_mock_v1. The legacy value scaled ITS JPO sample unit costs and cost ranges using assumed deployment quantities and annual growth; it is not an agency expenditure record.,Traffic management centers; ITS field devices; Communications systems; Traffic signal systems,2600000,Retained from bc_baseline_mock_v1. The legacy value scaled ITS JPO sample unit costs and cost ranges using assumed deployment quantities and annual growth; it is not an agency expenditure record.,Incremental growth reflects maturing TOC and incident management capability.
New Jersey,2001,BC_Analysis_Default_v1,bc_new_cost_total,New ITS Deployment Cost,1250000,Mock_Default,true,State-year model baseline; no matching authorized monetary record verified,Legacy bc_baseline_mock_v1 supported by ITS JPO Benefits/Costs databases,https://www.itskrs.its.dot.gov/costs,,"Mock_Default value carried forward: $1,250,000.",Retained from bc_baseline_mock_v1. The legacy value scaled ITS JPO sample unit costs and cost ranges using assumed deployment quantities and annual growth; it is not an agency expenditure record.,Traffic signal systems; Detection and surveillance; Dynamic message signs; Work-zone ITS,1250000,Retained from bc_baseline_mock_v1. The legacy value scaled ITS JPO sample unit costs and cost ranges using assumed deployment quantities and annual growth; it is not an agency expenditure record.,Incremental growth reflects maturing TOC and incident management capability.
New Jersey,2002,BC_Analysis_Default_v1,bc_existing_mobility_benefit,Existing Mobility Benefit,4000000,Mock_Default,true,State-year model baseline; no matching authorized monetary record verified,Legacy bc_baseline_mock_v1 supported by ITS JPO Benefits/Costs databases,https://www.itskrs.its.dot.gov/benefits,,"Mock_Default value carried forward: $4,000,000.",Retained from bc_baseline_mock_v1. The legacy value modeled annual benefit growth from comparable ITS JPO findings using assumed deployment exposure; it is not a measured state-year benefit.,Traffic signal control; Traffic incident management; Traveler information systems,4000000,Retained from bc_baseline_mock_v1. The legacy value modeled annual benefit growth from comparable ITS JPO findings using assumed deployment exposure; it is not a measured state-year benefit.,Incremental growth reflects maturing TOC and incident management capability.
New Jersey,2002,BC_Analysis_Default_v1,bc_existing_safety_benefit,Existing Safety Benefit,2900000,Mock_Default,true,State-year model baseline; no matching authorized monetary record verified,Legacy bc_baseline_mock_v1 supported by ITS JPO Benefits/Costs databases,https://www.itskrs.its.dot.gov/benefits,,"Mock_Default value carried forward: $2,900,000.",Retained from bc_baseline_mock_v1. The legacy value modeled annual benefit growth from comparable ITS JPO findings using assumed deployment exposure; it is not a measured state-year benefit.,Traffic incident management; Work-zone ITS and queue warning; Speed management,2900000,Retained from bc_baseline_mock_v1. The legacy value modeled annual benefit growth from comparable ITS JPO findings using assumed deployment exposure; it is not a measured state-year benefit.,Incremental growth reflects maturing TOC and incident management capability.
New Jersey,2002,BC_Analysis_Default_v1,bc_existing_environment_benefit,Existing Environmental Benefit,170000,Mock_Default,true,State-year model baseline; no matching authorized monetary record verified,Legacy bc_baseline_mock_v1 supported by ITS JPO Benefits/Costs databases,https://www.itskrs.its.dot.gov/benefits,,"Mock_Default value carried forward: $170,000.",Retained from bc_baseline_mock_v1. The legacy value modeled annual benefit growth from comparable ITS JPO findings using assumed deployment exposure; it is not a measured state-year benefit.,Traffic signal control; Ramp metering; Traffic management center operations,170000,Retained from bc_baseline_mock_v1. The legacy value modeled annual benefit growth from comparable ITS JPO findings using assumed deployment exposure; it is not a measured state-year benefit.,Incremental growth reflects maturing TOC and incident management capability.
New Jersey,2002,BC_Analysis_Default_v1,bc_new_mobility_benefit,New Mobility Benefit,510000,Mock_Default,true,State-year model baseline; no matching authorized monetary record verified,Legacy bc_baseline_mock_v1 supported by ITS JPO Benefits/Costs databases,https://www.itskrs.its.dot.gov/benefits,,"Mock_Default value carried forward: $510,000.",Retained from bc_baseline_mock_v1. The legacy value modeled annual benefit growth from comparable ITS JPO findings using assumed deployment exposure; it is not a measured state-year benefit.,Adaptive traffic signal control; Traveler information systems; Active traffic management,510000,Retained from bc_baseline_mock_v1. The legacy value modeled annual benefit growth from comparable ITS JPO findings using assumed deployment exposure; it is not a measured state-year benefit.,Incremental growth reflects maturing TOC and incident management capability.
New Jersey,2002,BC_Analysis_Default_v1,bc_new_safety_benefit,New Safety Benefit,385000,Mock_Default,true,State-year model baseline; no matching authorized monetary record verified,Legacy bc_baseline_mock_v1 supported by ITS JPO Benefits/Costs databases,https://www.itskrs.its.dot.gov/benefits,,"Mock_Default value carried forward: $385,000.",Retained from bc_baseline_mock_v1. The legacy value modeled annual benefit growth from comparable ITS JPO findings using assumed deployment exposure; it is not a measured state-year benefit.,Work-zone ITS and queue warning; Variable speed limits; Emergency vehicle preemption,385000,Retained from bc_baseline_mock_v1. The legacy value modeled annual benefit growth from comparable ITS JPO findings using assumed deployment exposure; it is not a measured state-year benefit.,Incremental growth reflects maturing TOC and incident management capability.
New Jersey,2002,BC_Analysis_Default_v1,bc_new_environment_benefit,New Environmental Benefit,28000,Mock_Default,true,State-year model baseline; no matching authorized monetary record verified,Legacy bc_baseline_mock_v1 supported by ITS JPO Benefits/Costs databases,https://www.itskrs.its.dot.gov/benefits,,"Mock_Default value carried forward: $28,000.",Retained from bc_baseline_mock_v1. The legacy value modeled annual benefit growth from comparable ITS JPO findings using assumed deployment exposure; it is not a measured state-year benefit.,Adaptive traffic signal control; Speed harmonization; Connected-vehicle applications,28000,Retained from bc_baseline_mock_v1. The legacy value modeled annual benefit growth from comparable ITS JPO findings using assumed deployment exposure; it is not a measured state-year benefit.,Incremental growth reflects maturing TOC and incident management capability.
New Jersey,2002,BC_Analysis_Default_v1,bc_existing_om_cost_total,Existing ITS O&M Cost,2700000,Mock_Default,true,State-year model baseline; no matching authorized monetary record verified,Legacy bc_baseline_mock_v1 supported by ITS JPO Benefits/Costs databases,https://www.itskrs.its.dot.gov/costs,,"Mock_Default value carried forward: $2,700,000.",Retained from bc_baseline_mock_v1. The legacy value scaled ITS JPO sample unit costs and cost ranges using assumed deployment quantities and annual growth; it is not an agency expenditure record.,Traffic management centers; ITS field devices; Communications systems; Traffic signal systems,2700000,Retained from bc_baseline_mock_v1. The legacy value scaled ITS JPO sample unit costs and cost ranges using assumed deployment quantities and annual growth; it is not an agency expenditure record.,Incremental growth reflects maturing TOC and incident management capability.
New Jersey,2002,BC_Analysis_Default_v1,bc_new_cost_total,New ITS Deployment Cost,1300000,Mock_Default,true,State-year model baseline; no matching authorized monetary record verified,Legacy bc_baseline_mock_v1 supported by ITS JPO Benefits/Costs databases,https://www.itskrs.its.dot.gov/costs,,"Mock_Default value carried forward: $1,300,000.",Retained from bc_baseline_mock_v1. The legacy value scaled ITS JPO sample unit costs and cost ranges using assumed deployment quantities and annual growth; it is not an agency expenditure record.,Traffic signal systems; Detection and surveillance; Dynamic message signs; Work-zone ITS,1300000,Retained from bc_baseline_mock_v1. The legacy value scaled ITS JPO sample unit costs and cost ranges using assumed deployment quantities and annual growth; it is not an agency expenditure record.,Incremental growth reflects maturing TOC and incident management capability.
New Jersey,2003,BC_Analysis_Default_v1,bc_existing_mobility_benefit,Existing Mobility Benefit,4300000,Mock_Default,true,State-year model baseline; no matching authorized monetary record verified,Legacy bc_baseline_mock_v1 supported by ITS JPO Benefits/Costs databases,https://www.itskrs.its.dot.gov/benefits,,"Mock_Default value carried forward: $4,300,000.",Retained from bc_baseline_mock_v1. The legacy value modeled annual benefit growth from comparable ITS JPO findings using assumed deployment exposure; it is not a measured state-year benefit.,Traffic signal control; Traffic incident management; Traveler information systems,4300000,Retained from bc_baseline_mock_v1. The legacy value modeled annual benefit growth from comparable ITS JPO findings using assumed deployment exposure; it is not a measured state-year benefit.,Incremental growth reflects maturing TOC and incident management capability.
New Jersey,2003,BC_Analysis_Default_v1,bc_existing_safety_benefit,Existing Safety Benefit,3100000,Mock_Default,true,State-year model baseline; no matching authorized monetary record verified,Legacy bc_baseline_mock_v1 supported by ITS JPO Benefits/Costs databases,https://www.itskrs.its.dot.gov/benefits,,"Mock_Default value carried forward: $3,100,000.",Retained from bc_baseline_mock_v1. The legacy value modeled annual benefit growth from comparable ITS JPO findings using assumed deployment exposure; it is not a measured state-year benefit.,Traffic incident management; Work-zone ITS and queue warning; Speed management,3100000,Retained from bc_baseline_mock_v1. The legacy value modeled annual benefit growth from comparable ITS JPO findings using assumed deployment exposure; it is not a measured state-year benefit.,Incremental growth reflects maturing TOC and incident management capability.
New Jersey,2003,BC_Analysis_Default_v1,bc_existing_environment_benefit,Existing Environmental Benefit,185000,Mock_Default,true,State-year model baseline; no matching authorized monetary record verified,Legacy bc_baseline_mock_v1 supported by ITS JPO Benefits/Costs databases,https://www.itskrs.its.dot.gov/benefits,,"Mock_Default value carried forward: $185,000.",Retained from bc_baseline_mock_v1. The legacy value modeled annual benefit growth from comparable ITS JPO findings using assumed deployment exposure; it is not a measured state-year benefit.,Traffic signal control; Ramp metering; Traffic management center operations,185000,Retained from bc_baseline_mock_v1. The legacy value modeled annual benefit growth from comparable ITS JPO findings using assumed deployment exposure; it is not a measured state-year benefit.,Incremental growth reflects maturing TOC and incident management capability.
New Jersey,2003,BC_Analysis_Default_v1,bc_new_mobility_benefit,New Mobility Benefit,545000,Mock_Default,true,State-year model baseline; no matching authorized monetary record verified,Legacy bc_baseline_mock_v1 supported by ITS JPO Benefits/Costs databases,https://www.itskrs.its.dot.gov/benefits,,"Mock_Default value carried forward: $545,000.",Retained from bc_baseline_mock_v1. The legacy value modeled annual benefit growth from comparable ITS JPO findings using assumed deployment exposure; it is not a measured state-year benefit.,Adaptive traffic signal control; Traveler information systems; Active traffic management,545000,Retained from bc_baseline_mock_v1. The legacy value modeled annual benefit growth from comparable ITS JPO findings using assumed deployment exposure; it is not a measured state-year benefit.,Incremental growth reflects maturing TOC and incident management capability.
New Jersey,2003,BC_Analysis_Default_v1,bc_new_safety_benefit,New Safety Benefit,410000,Mock_Default,true,State-year model baseline; no matching authorized monetary record verified,Legacy bc_baseline_mock_v1 supported by ITS JPO Benefits/Costs databases,https://www.itskrs.its.dot.gov/benefits,,"Mock_Default value carried forward: $410,000.",Retained from bc_baseline_mock_v1. The legacy value modeled annual benefit growth from comparable ITS JPO findings using assumed deployment exposure; it is not a measured state-year benefit.,Work-zone ITS and queue warning; Variable speed limits; Emergency vehicle preemption,410000,Retained from bc_baseline_mock_v1. The legacy value modeled annual benefit growth from comparable ITS JPO findings using assumed deployment exposure; it is not a measured state-year benefit.,Incremental growth reflects maturing TOC and incident management capability.
New Jersey,2003,BC_Analysis_Default_v1,bc_new_environment_benefit,New Environmental Benefit,30000,Mock_Default,true,State-year model baseline; no matching authorized monetary record verified,Legacy bc_baseline_mock_v1 supported by ITS JPO Benefits/Costs databases,https://www.itskrs.its.dot.gov/benefits,,"Mock_Default value carried forward: $30,000.",Retained from bc_baseline_mock_v1. The legacy value modeled annual benefit growth from comparable ITS JPO findings using assumed deployment exposure; it is not a measured state-year benefit.,Adaptive traffic signal control; Speed harmonization; Connected-vehicle applications,30000,Retained from bc_baseline_mock_v1. The legacy value modeled annual benefit growth from comparable ITS JPO findings using assumed deployment exposure; it is not a measured state-year benefit.,Incremental growth reflects maturing TOC and incident management capability.
New Jersey,2003,BC_Analysis_Default_v1,bc_existing_om_cost_total,Existing ITS O&M Cost,2850000,Mock_Default,true,State-year model baseline; no matching authorized monetary record verified,Legacy bc_baseline_mock_v1 supported by ITS JPO Benefits/Costs databases,https://www.itskrs.its.dot.gov/costs,,"Mock_Default value carried forward: $2,850,000.",Retained from bc_baseline_mock_v1. The legacy value scaled ITS JPO sample unit costs and cost ranges using assumed deployment quantities and annual growth; it is not an agency expenditure record.,Traffic management centers; ITS field devices; Communications systems; Traffic signal systems,2850000,Retained from bc_baseline_mock_v1. The legacy value scaled ITS JPO sample unit costs and cost ranges using assumed deployment quantities and annual growth; it is not an agency expenditure record.,Incremental growth reflects maturing TOC and incident management capability.
New Jersey,2003,BC_Analysis_Default_v1,bc_new_cost_total,New ITS Deployment Cost,1360000,Mock_Default,true,State-year model baseline; no matching authorized monetary record verified,Legacy bc_baseline_mock_v1 supported by ITS JPO Benefits/Costs databases,https://www.itskrs.its.dot.gov/costs,,"Mock_Default value carried forward: $1,360,000.",Retained from bc_baseline_mock_v1. The legacy value scaled ITS JPO sample unit costs and cost ranges using assumed deployment quantities and annual growth; it is not an agency expenditure record.,Traffic signal systems; Detection and surveillance; Dynamic message signs; Work-zone ITS,1360000,Retained from bc_baseline_mock_v1. The legacy value scaled ITS JPO sample unit costs and cost ranges using assumed deployment quantities and annual growth; it is not an agency expenditure record.,Incremental growth reflects maturing TOC and incident management capability.
New Jersey,2004,BC_Analysis_Default_v1,bc_existing_mobility_benefit,Existing Mobility Benefit,4600000,Mock_Default,true,State-year model baseline; no matching authorized monetary record verified,Legacy bc_baseline_mock_v1 supported by ITS JPO Benefits/Costs databases,https://www.itskrs.its.dot.gov/benefits,,"Mock_Default value carried forward: $4,600,000.",Retained from bc_baseline_mock_v1. The legacy value modeled annual benefit growth from comparable ITS JPO findings using assumed deployment exposure; it is not a measured state-year benefit.,Traffic signal control; Traffic incident management; Traveler information systems,4600000,Retained from bc_baseline_mock_v1. The legacy value modeled annual benefit growth from comparable ITS JPO findings using assumed deployment exposure; it is not a measured state-year benefit.,Adds signal and traveler information comparable effects.
New Jersey,2004,BC_Analysis_Default_v1,bc_existing_safety_benefit,Existing Safety Benefit,3350000,Mock_Default,true,State-year model baseline; no matching authorized monetary record verified,Legacy bc_baseline_mock_v1 supported by ITS JPO Benefits/Costs databases,https://www.itskrs.its.dot.gov/benefits,,"Mock_Default value carried forward: $3,350,000.",Retained from bc_baseline_mock_v1. The legacy value modeled annual benefit growth from comparable ITS JPO findings using assumed deployment exposure; it is not a measured state-year benefit.,Traffic incident management; Work-zone ITS and queue warning; Speed management,3350000,Retained from bc_baseline_mock_v1. The legacy value modeled annual benefit growth from comparable ITS JPO findings using assumed deployment exposure; it is not a measured state-year benefit.,Adds signal and traveler information comparable effects.
New Jersey,2004,BC_Analysis_Default_v1,bc_existing_environment_benefit,Existing Environmental Benefit,200000,Mock_Default,true,State-year model baseline; no matching authorized monetary record verified,Legacy bc_baseline_mock_v1 supported by ITS JPO Benefits/Costs databases,https://www.itskrs.its.dot.gov/benefits,,"Mock_Default value carried forward: $200,000.",Retained from bc_baseline_mock_v1. The legacy value modeled annual benefit growth from comparable ITS JPO findings using assumed deployment exposure; it is not a measured state-year benefit.,Traffic signal control; Ramp metering; Traffic management center operations,200000,Retained from bc_baseline_mock_v1. The legacy value modeled annual benefit growth from comparable ITS JPO findings using assumed deployment exposure; it is not a measured state-year benefit.,Adds signal and traveler information comparable effects.
New Jersey,2004,BC_Analysis_Default_v1,bc_new_mobility_benefit,New Mobility Benefit,580000,Mock_Default,true,State-year model baseline; no matching authorized monetary record verified,Legacy bc_baseline_mock_v1 supported by ITS JPO Benefits/Costs databases,https://www.itskrs.its.dot.gov/benefits,,"Mock_Default value carried forward: $580,000.",Retained from bc_baseline_mock_v1. The legacy value modeled annual benefit growth from comparable ITS JPO findings using assumed deployment exposure; it is not a measured state-year benefit.,Adaptive traffic signal control; Traveler information systems; Active traffic management,580000,Retained from bc_baseline_mock_v1. The legacy value modeled annual benefit growth from comparable ITS JPO findings using assumed deployment exposure; it is not a measured state-year benefit.,Adds signal and traveler information comparable effects.
New Jersey,2004,BC_Analysis_Default_v1,bc_new_safety_benefit,New Safety Benefit,440000,Mock_Default,true,State-year model baseline; no matching authorized monetary record verified,Legacy bc_baseline_mock_v1 supported by ITS JPO Benefits/Costs databases,https://www.itskrs.its.dot.gov/benefits,,"Mock_Default value carried forward: $440,000.",Retained from bc_baseline_mock_v1. The legacy value modeled annual benefit growth from comparable ITS JPO findings using assumed deployment exposure; it is not a measured state-year benefit.,Work-zone ITS and queue warning; Variable speed limits; Emergency vehicle preemption,440000,Retained from bc_baseline_mock_v1. The legacy value modeled annual benefit growth from comparable ITS JPO findings using assumed deployment exposure; it is not a measured state-year benefit.,Adds signal and traveler information comparable effects.
New Jersey,2004,BC_Analysis_Default_v1,bc_new_environment_benefit,New Environmental Benefit,33000,Mock_Default,true,State-year model baseline; no matching authorized monetary record verified,Legacy bc_baseline_mock_v1 supported by ITS JPO Benefits/Costs databases,https://www.itskrs.its.dot.gov/benefits,,"Mock_Default value carried forward: $33,000.",Retained from bc_baseline_mock_v1. The legacy value modeled annual benefit growth from comparable ITS JPO findings using assumed deployment exposure; it is not a measured state-year benefit.,Adaptive traffic signal control; Speed harmonization; Connected-vehicle applications,33000,Retained from bc_baseline_mock_v1. The legacy value modeled annual benefit growth from comparable ITS JPO findings using assumed deployment exposure; it is not a measured state-year benefit.,Adds signal and traveler information comparable effects.
New Jersey,2004,BC_Analysis_Default_v1,bc_existing_om_cost_total,Existing ITS O&M Cost,3000000,Mock_Default,true,State-year model baseline; no matching authorized monetary record verified,Legacy bc_baseline_mock_v1 supported by ITS JPO Benefits/Costs databases,https://www.itskrs.its.dot.gov/costs,,"Mock_Default value carried forward: $3,000,000.",Retained from bc_baseline_mock_v1. The legacy value scaled ITS JPO sample unit costs and cost ranges using assumed deployment quantities and annual growth; it is not an agency expenditure record.,Traffic management centers; ITS field devices; Communications systems; Traffic signal systems,3000000,Retained from bc_baseline_mock_v1. The legacy value scaled ITS JPO sample unit costs and cost ranges using assumed deployment quantities and annual growth; it is not an agency expenditure record.,Adds signal and traveler information comparable effects.
New Jersey,2004,BC_Analysis_Default_v1,bc_new_cost_total,New ITS Deployment Cost,1430000,Mock_Default,true,State-year model baseline; no matching authorized monetary record verified,Legacy bc_baseline_mock_v1 supported by ITS JPO Benefits/Costs databases,https://www.itskrs.its.dot.gov/costs,,"Mock_Default value carried forward: $1,430,000.",Retained from bc_baseline_mock_v1. The legacy value scaled ITS JPO sample unit costs and cost ranges using assumed deployment quantities and annual growth; it is not an agency expenditure record.,Traffic signal systems; Detection and surveillance; Dynamic message signs; Work-zone ITS,1430000,Retained from bc_baseline_mock_v1. The legacy value scaled ITS JPO sample unit costs and cost ranges using assumed deployment quantities and annual growth; it is not an agency expenditure record.,Adds signal and traveler information comparable effects.
New Jersey,2005,BC_Analysis_Default_v1,bc_existing_mobility_benefit,Existing Mobility Benefit,4950000,Mock_Default,true,State-year model baseline; no matching authorized monetary record verified,Legacy bc_baseline_mock_v1 supported by ITS JPO Benefits/Costs databases,https://www.itskrs.its.dot.gov/benefits,,"Mock_Default value carried forward: $4,950,000.",Retained from bc_baseline_mock_v1. The legacy value modeled annual benefit growth from comparable ITS JPO findings using assumed deployment exposure; it is not a measured state-year benefit.,Traffic signal control; Traffic incident management; Traveler information systems,4950000,Retained from bc_baseline_mock_v1. The legacy value modeled annual benefit growth from comparable ITS JPO findings using assumed deployment exposure; it is not a measured state-year benefit.,Adds signal and traveler information comparable effects.
New Jersey,2005,BC_Analysis_Default_v1,bc_existing_safety_benefit,Existing Safety Benefit,3600000,Mock_Default,true,State-year model baseline; no matching authorized monetary record verified,Legacy bc_baseline_mock_v1 supported by ITS JPO Benefits/Costs databases,https://www.itskrs.its.dot.gov/benefits,,"Mock_Default value carried forward: $3,600,000.",Retained from bc_baseline_mock_v1. The legacy value modeled annual benefit growth from comparable ITS JPO findings using assumed deployment exposure; it is not a measured state-year benefit.,Traffic incident management; Work-zone ITS and queue warning; Speed management,3600000,Retained from bc_baseline_mock_v1. The legacy value modeled annual benefit growth from comparable ITS JPO findings using assumed deployment exposure; it is not a measured state-year benefit.,Adds signal and traveler information comparable effects.
New Jersey,2005,BC_Analysis_Default_v1,bc_existing_environment_benefit,Existing Environmental Benefit,220000,Mock_Default,true,State-year model baseline; no matching authorized monetary record verified,Legacy bc_baseline_mock_v1 supported by ITS JPO Benefits/Costs databases,https://www.itskrs.its.dot.gov/benefits,,"Mock_Default value carried forward: $220,000.",Retained from bc_baseline_mock_v1. The legacy value modeled annual benefit growth from comparable ITS JPO findings using assumed deployment exposure; it is not a measured state-year benefit.,Traffic signal control; Ramp metering; Traffic management center operations,220000,Retained from bc_baseline_mock_v1. The legacy value modeled annual benefit growth from comparable ITS JPO findings using assumed deployment exposure; it is not a measured state-year benefit.,Adds signal and traveler information comparable effects.
New Jersey,2005,BC_Analysis_Default_v1,bc_new_mobility_benefit,New Mobility Benefit,620000,Mock_Default,true,State-year model baseline; no matching authorized monetary record verified,Legacy bc_baseline_mock_v1 supported by ITS JPO Benefits/Costs databases,https://www.itskrs.its.dot.gov/benefits,,"Mock_Default value carried forward: $620,000.",Retained from bc_baseline_mock_v1. The legacy value modeled annual benefit growth from comparable ITS JPO findings using assumed deployment exposure; it is not a measured state-year benefit.,Adaptive traffic signal control; Traveler information systems; Active traffic management,620000,Retained from bc_baseline_mock_v1. The legacy value modeled annual benefit growth from comparable ITS JPO findings using assumed deployment exposure; it is not a measured state-year benefit.,Adds signal and traveler information comparable effects.
New Jersey,2005,BC_Analysis_Default_v1,bc_new_safety_benefit,New Safety Benefit,470000,Mock_Default,true,State-year model baseline; no matching authorized monetary record verified,Legacy bc_baseline_mock_v1 supported by ITS JPO Benefits/Costs databases,https://www.itskrs.its.dot.gov/benefits,,"Mock_Default value carried forward: $470,000.",Retained from bc_baseline_mock_v1. The legacy value modeled annual benefit growth from comparable ITS JPO findings using assumed deployment exposure; it is not a measured state-year benefit.,Work-zone ITS and queue warning; Variable speed limits; Emergency vehicle preemption,470000,Retained from bc_baseline_mock_v1. The legacy value modeled annual benefit growth from comparable ITS JPO findings using assumed deployment exposure; it is not a measured state-year benefit.,Adds signal and traveler information comparable effects.
New Jersey,2005,BC_Analysis_Default_v1,bc_new_environment_benefit,New Environmental Benefit,36000,Mock_Default,true,State-year model baseline; no matching authorized monetary record verified,Legacy bc_baseline_mock_v1 supported by ITS JPO Benefits/Costs databases,https://www.itskrs.its.dot.gov/benefits,,"Mock_Default value carried forward: $36,000.",Retained from bc_baseline_mock_v1. The legacy value modeled annual benefit growth from comparable ITS JPO findings using assumed deployment exposure; it is not a measured state-year benefit.,Adaptive traffic signal control; Speed harmonization; Connected-vehicle applications,36000,Retained from bc_baseline_mock_v1. The legacy value modeled annual benefit growth from comparable ITS JPO findings using assumed deployment exposure; it is not a measured state-year benefit.,Adds signal and traveler information comparable effects.
New Jersey,2005,BC_Analysis_Default_v1,bc_existing_om_cost_total,Existing ITS O&M Cost,3150000,Mock_Default,true,State-year model baseline; no matching authorized monetary record verified,Legacy bc_baseline_mock_v1 supported by ITS JPO Benefits/Costs databases,https://www.itskrs.its.dot.gov/costs,,"Mock_Default value carried forward: $3,150,000.",Retained from bc_baseline_mock_v1. The legacy value scaled ITS JPO sample unit costs and cost ranges using assumed deployment quantities and annual growth; it is not an agency expenditure record.,Traffic management centers; ITS field devices; Communications systems; Traffic signal systems,3150000,Retained from bc_baseline_mock_v1. The legacy value scaled ITS JPO sample unit costs and cost ranges using assumed deployment quantities and annual growth; it is not an agency expenditure record.,Adds signal and traveler information comparable effects.
New Jersey,2005,BC_Analysis_Default_v1,bc_new_cost_total,New ITS Deployment Cost,1500000,Mock_Default,true,State-year model baseline; no matching authorized monetary record verified,Legacy bc_baseline_mock_v1 supported by ITS JPO Benefits/Costs databases,https://www.itskrs.its.dot.gov/costs,,"Mock_Default value carried forward: $1,500,000.",Retained from bc_baseline_mock_v1. The legacy value scaled ITS JPO sample unit costs and cost ranges using assumed deployment quantities and annual growth; it is not an agency expenditure record.,Traffic signal systems; Detection and surveillance; Dynamic message signs; Work-zone ITS,1500000,Retained from bc_baseline_mock_v1. The legacy value scaled ITS JPO sample unit costs and cost ranges using assumed deployment quantities and annual growth; it is not an agency expenditure record.,Adds signal and traveler information comparable effects.
New Jersey,2006,BC_Analysis_Default_v1,bc_existing_mobility_benefit,Existing Mobility Benefit,5350000,Mock_Default,true,State-year model baseline; no matching authorized monetary record verified,Legacy bc_baseline_mock_v1 supported by ITS JPO Benefits/Costs databases,https://www.itskrs.its.dot.gov/benefits,,"Mock_Default value carried forward: $5,350,000.",Retained from bc_baseline_mock_v1. The legacy value modeled annual benefit growth from comparable ITS JPO findings using assumed deployment exposure; it is not a measured state-year benefit.,Traffic signal control; Traffic incident management; Traveler information systems,5350000,Retained from bc_baseline_mock_v1. The legacy value modeled annual benefit growth from comparable ITS JPO findings using assumed deployment exposure; it is not a measured state-year benefit.,Benefits increase with broader corridor management and detection footprint.
New Jersey,2006,BC_Analysis_Default_v1,bc_existing_safety_benefit,Existing Safety Benefit,3900000,Mock_Default,true,State-year model baseline; no matching authorized monetary record verified,Legacy bc_baseline_mock_v1 supported by ITS JPO Benefits/Costs databases,https://www.itskrs.its.dot.gov/benefits,,"Mock_Default value carried forward: $3,900,000.",Retained from bc_baseline_mock_v1. The legacy value modeled annual benefit growth from comparable ITS JPO findings using assumed deployment exposure; it is not a measured state-year benefit.,Traffic incident management; Work-zone ITS and queue warning; Speed management,3900000,Retained from bc_baseline_mock_v1. The legacy value modeled annual benefit growth from comparable ITS JPO findings using assumed deployment exposure; it is not a measured state-year benefit.,Benefits increase with broader corridor management and detection footprint.
New Jersey,2006,BC_Analysis_Default_v1,bc_existing_environment_benefit,Existing Environmental Benefit,240000,Mock_Default,true,State-year model baseline; no matching authorized monetary record verified,Legacy bc_baseline_mock_v1 supported by ITS JPO Benefits/Costs databases,https://www.itskrs.its.dot.gov/benefits,,"Mock_Default value carried forward: $240,000.",Retained from bc_baseline_mock_v1. The legacy value modeled annual benefit growth from comparable ITS JPO findings using assumed deployment exposure; it is not a measured state-year benefit.,Traffic signal control; Ramp metering; Traffic management center operations,240000,Retained from bc_baseline_mock_v1. The legacy value modeled annual benefit growth from comparable ITS JPO findings using assumed deployment exposure; it is not a measured state-year benefit.,Benefits increase with broader corridor management and detection footprint.
New Jersey,2006,BC_Analysis_Default_v1,bc_new_mobility_benefit,New Mobility Benefit,670000,Mock_Default,true,State-year model baseline; no matching authorized monetary record verified,Legacy bc_baseline_mock_v1 supported by ITS JPO Benefits/Costs databases,https://www.itskrs.its.dot.gov/benefits,,"Mock_Default value carried forward: $670,000.",Retained from bc_baseline_mock_v1. The legacy value modeled annual benefit growth from comparable ITS JPO findings using assumed deployment exposure; it is not a measured state-year benefit.,Adaptive traffic signal control; Traveler information systems; Active traffic management,670000,Retained from bc_baseline_mock_v1. The legacy value modeled annual benefit growth from comparable ITS JPO findings using assumed deployment exposure; it is not a measured state-year benefit.,Benefits increase with broader corridor management and detection footprint.
New Jersey,2006,BC_Analysis_Default_v1,bc_new_safety_benefit,New Safety Benefit,510000,Mock_Default,true,State-year model baseline; no matching authorized monetary record verified,Legacy bc_baseline_mock_v1 supported by ITS JPO Benefits/Costs databases,https://www.itskrs.its.dot.gov/benefits,,"Mock_Default value carried forward: $510,000.",Retained from bc_baseline_mock_v1. The legacy value modeled annual benefit growth from comparable ITS JPO findings using assumed deployment exposure; it is not a measured state-year benefit.,Work-zone ITS and queue warning; Variable speed limits; Emergency vehicle preemption,510000,Retained from bc_baseline_mock_v1. The legacy value modeled annual benefit growth from comparable ITS JPO findings using assumed deployment exposure; it is not a measured state-year benefit.,Benefits increase with broader corridor management and detection footprint.
New Jersey,2006,BC_Analysis_Default_v1,bc_new_environment_benefit,New Environmental Benefit,39000,Mock_Default,true,State-year model baseline; no matching authorized monetary record verified,Legacy bc_baseline_mock_v1 supported by ITS JPO Benefits/Costs databases,https://www.itskrs.its.dot.gov/benefits,,"Mock_Default value carried forward: $39,000.",Retained from bc_baseline_mock_v1. The legacy value modeled annual benefit growth from comparable ITS JPO findings using assumed deployment exposure; it is not a measured state-year benefit.,Adaptive traffic signal control; Speed harmonization; Connected-vehicle applications,39000,Retained from bc_baseline_mock_v1. The legacy value modeled annual benefit growth from comparable ITS JPO findings using assumed deployment exposure; it is not a measured state-year benefit.,Benefits increase with broader corridor management and detection footprint.
New Jersey,2006,BC_Analysis_Default_v1,bc_existing_om_cost_total,Existing ITS O&M Cost,3350000,Mock_Default,true,State-year model baseline; no matching authorized monetary record verified,Legacy bc_baseline_mock_v1 supported by ITS JPO Benefits/Costs databases,https://www.itskrs.its.dot.gov/costs,,"Mock_Default value carried forward: $3,350,000.",Retained from bc_baseline_mock_v1. The legacy value scaled ITS JPO sample unit costs and cost ranges using assumed deployment quantities and annual growth; it is not an agency expenditure record.,Traffic management centers; ITS field devices; Communications systems; Traffic signal systems,3350000,Retained from bc_baseline_mock_v1. The legacy value scaled ITS JPO sample unit costs and cost ranges using assumed deployment quantities and annual growth; it is not an agency expenditure record.,Benefits increase with broader corridor management and detection footprint.
New Jersey,2006,BC_Analysis_Default_v1,bc_new_cost_total,New ITS Deployment Cost,1600000,Mock_Default,true,State-year model baseline; no matching authorized monetary record verified,Legacy bc_baseline_mock_v1 supported by ITS JPO Benefits/Costs databases,https://www.itskrs.its.dot.gov/costs,,"Mock_Default value carried forward: $1,600,000.",Retained from bc_baseline_mock_v1. The legacy value scaled ITS JPO sample unit costs and cost ranges using assumed deployment quantities and annual growth; it is not an agency expenditure record.,Traffic signal systems; Detection and surveillance; Dynamic message signs; Work-zone ITS,1600000,Retained from bc_baseline_mock_v1. The legacy value scaled ITS JPO sample unit costs and cost ranges using assumed deployment quantities and annual growth; it is not an agency expenditure record.,Benefits increase with broader corridor management and detection footprint.
New Jersey,2007,BC_Analysis_Default_v1,bc_existing_mobility_benefit,Existing Mobility Benefit,5750000,Mock_Default,true,State-year model baseline; no matching authorized monetary record verified,Legacy bc_baseline_mock_v1 supported by ITS JPO Benefits/Costs databases,https://www.itskrs.its.dot.gov/benefits,,"Mock_Default value carried forward: $5,750,000.",Retained from bc_baseline_mock_v1. The legacy value modeled annual benefit growth from comparable ITS JPO findings using assumed deployment exposure; it is not a measured state-year benefit.,Traffic signal control; Traffic incident management; Traveler information systems,5750000,Retained from bc_baseline_mock_v1. The legacy value modeled annual benefit growth from comparable ITS JPO findings using assumed deployment exposure; it is not a measured state-year benefit.,Benefits increase with broader corridor management and detection footprint.
New Jersey,2007,BC_Analysis_Default_v1,bc_existing_safety_benefit,Existing Safety Benefit,4200000,Mock_Default,true,State-year model baseline; no matching authorized monetary record verified,Legacy bc_baseline_mock_v1 supported by ITS JPO Benefits/Costs databases,https://www.itskrs.its.dot.gov/benefits,,"Mock_Default value carried forward: $4,200,000.",Retained from bc_baseline_mock_v1. The legacy value modeled annual benefit growth from comparable ITS JPO findings using assumed deployment exposure; it is not a measured state-year benefit.,Traffic incident management; Work-zone ITS and queue warning; Speed management,4200000,Retained from bc_baseline_mock_v1. The legacy value modeled annual benefit growth from comparable ITS JPO findings using assumed deployment exposure; it is not a measured state-year benefit.,Benefits increase with broader corridor management and detection footprint.
New Jersey,2007,BC_Analysis_Default_v1,bc_existing_environment_benefit,Existing Environmental Benefit,260000,Mock_Default,true,State-year model baseline; no matching authorized monetary record verified,Legacy bc_baseline_mock_v1 supported by ITS JPO Benefits/Costs databases,https://www.itskrs.its.dot.gov/benefits,,"Mock_Default value carried forward: $260,000.",Retained from bc_baseline_mock_v1. The legacy value modeled annual benefit growth from comparable ITS JPO findings using assumed deployment exposure; it is not a measured state-year benefit.,Traffic signal control; Ramp metering; Traffic management center operations,260000,Retained from bc_baseline_mock_v1. The legacy value modeled annual benefit growth from comparable ITS JPO findings using assumed deployment exposure; it is not a measured state-year benefit.,Benefits increase with broader corridor management and detection footprint.
New Jersey,2007,BC_Analysis_Default_v1,bc_new_mobility_benefit,New Mobility Benefit,720000,Mock_Default,true,State-year model baseline; no matching authorized monetary record verified,Legacy bc_baseline_mock_v1 supported by ITS JPO Benefits/Costs databases,https://www.itskrs.its.dot.gov/benefits,,"Mock_Default value carried forward: $720,000.",Retained from bc_baseline_mock_v1. The legacy value modeled annual benefit growth from comparable ITS JPO findings using assumed deployment exposure; it is not a measured state-year benefit.,Adaptive traffic signal control; Traveler information systems; Active traffic management,720000,Retained from bc_baseline_mock_v1. The legacy value modeled annual benefit growth from comparable ITS JPO findings using assumed deployment exposure; it is not a measured state-year benefit.,Benefits increase with broader corridor management and detection footprint.
New Jersey,2007,BC_Analysis_Default_v1,bc_new_safety_benefit,New Safety Benefit,550000,Mock_Default,true,State-year model baseline; no matching authorized monetary record verified,Legacy bc_baseline_mock_v1 supported by ITS JPO Benefits/Costs databases,https://www.itskrs.its.dot.gov/benefits,,"Mock_Default value carried forward: $550,000.",Retained from bc_baseline_mock_v1. The legacy value modeled annual benefit growth from comparable ITS JPO findings using assumed deployment exposure; it is not a measured state-year benefit.,Work-zone ITS and queue warning; Variable speed limits; Emergency vehicle preemption,550000,Retained from bc_baseline_mock_v1. The legacy value modeled annual benefit growth from comparable ITS JPO findings using assumed deployment exposure; it is not a measured state-year benefit.,Benefits increase with broader corridor management and detection footprint.
New Jersey,2007,BC_Analysis_Default_v1,bc_new_environment_benefit,New Environmental Benefit,43000,Mock_Default,true,State-year model baseline; no matching authorized monetary record verified,Legacy bc_baseline_mock_v1 supported by ITS JPO Benefits/Costs databases,https://www.itskrs.its.dot.gov/benefits,,"Mock_Default value carried forward: $43,000.",Retained from bc_baseline_mock_v1. The legacy value modeled annual benefit growth from comparable ITS JPO findings using assumed deployment exposure; it is not a measured state-year benefit.,Adaptive traffic signal control; Speed harmonization; Connected-vehicle applications,43000,Retained from bc_baseline_mock_v1. The legacy value modeled annual benefit growth from comparable ITS JPO findings using assumed deployment exposure; it is not a measured state-year benefit.,Benefits increase with broader corridor management and detection footprint.
New Jersey,2007,BC_Analysis_Default_v1,bc_existing_om_cost_total,Existing ITS O&M Cost,3550000,Mock_Default,true,State-year model baseline; no matching authorized monetary record verified,Legacy bc_baseline_mock_v1 supported by ITS JPO Benefits/Costs databases,https://www.itskrs.its.dot.gov/costs,,"Mock_Default value carried forward: $3,550,000.",Retained from bc_baseline_mock_v1. The legacy value scaled ITS JPO sample unit costs and cost ranges using assumed deployment quantities and annual growth; it is not an agency expenditure record.,Traffic management centers; ITS field devices; Communications systems; Traffic signal systems,3550000,Retained from bc_baseline_mock_v1. The legacy value scaled ITS JPO sample unit costs and cost ranges using assumed deployment quantities and annual growth; it is not an agency expenditure record.,Benefits increase with broader corridor management and detection footprint.
New Jersey,2007,BC_Analysis_Default_v1,bc_new_cost_total,New ITS Deployment Cost,1700000,Mock_Default,true,State-year model baseline; no matching authorized monetary record verified,Legacy bc_baseline_mock_v1 supported by ITS JPO Benefits/Costs databases,https://www.itskrs.its.dot.gov/costs,,"Mock_Default value carried forward: $1,700,000.",Retained from bc_baseline_mock_v1. The legacy value scaled ITS JPO sample unit costs and cost ranges using assumed deployment quantities and annual growth; it is not an agency expenditure record.,Traffic signal systems; Detection and surveillance; Dynamic message signs; Work-zone ITS,1700000,Retained from bc_baseline_mock_v1. The legacy value scaled ITS JPO sample unit costs and cost ranges using assumed deployment quantities and annual growth; it is not an agency expenditure record.,Benefits increase with broader corridor management and detection footprint.
New Jersey,2008,BC_Analysis_Default_v1,bc_existing_mobility_benefit,Existing Mobility Benefit,6200000,Mock_Default,true,State-year model baseline; no matching authorized monetary record verified,Legacy bc_baseline_mock_v1 supported by ITS JPO Benefits/Costs databases,https://www.itskrs.its.dot.gov/benefits,,"Mock_Default value carried forward: $6,200,000.",Retained from bc_baseline_mock_v1. The legacy value modeled annual benefit growth from comparable ITS JPO findings using assumed deployment exposure; it is not a measured state-year benefit.,Traffic signal control; Traffic incident management; Traveler information systems,6200000,Retained from bc_baseline_mock_v1. The legacy value modeled annual benefit growth from comparable ITS JPO findings using assumed deployment exposure; it is not a measured state-year benefit.,Costs reflect recurring O&M plus targeted capital deployment.
New Jersey,2008,BC_Analysis_Default_v1,bc_existing_safety_benefit,Existing Safety Benefit,4550000,Mock_Default,true,State-year model baseline; no matching authorized monetary record verified,Legacy bc_baseline_mock_v1 supported by ITS JPO Benefits/Costs databases,https://www.itskrs.its.dot.gov/benefits,,"Mock_Default value carried forward: $4,550,000.",Retained from bc_baseline_mock_v1. The legacy value modeled annual benefit growth from comparable ITS JPO findings using assumed deployment exposure; it is not a measured state-year benefit.,Traffic incident management; Work-zone ITS and queue warning; Speed management,4550000,Retained from bc_baseline_mock_v1. The legacy value modeled annual benefit growth from comparable ITS JPO findings using assumed deployment exposure; it is not a measured state-year benefit.,Costs reflect recurring O&M plus targeted capital deployment.
New Jersey,2008,BC_Analysis_Default_v1,bc_existing_environment_benefit,Existing Environmental Benefit,285000,Mock_Default,true,State-year model baseline; no matching authorized monetary record verified,Legacy bc_baseline_mock_v1 supported by ITS JPO Benefits/Costs databases,https://www.itskrs.its.dot.gov/benefits,,"Mock_Default value carried forward: $285,000.",Retained from bc_baseline_mock_v1. The legacy value modeled annual benefit growth from comparable ITS JPO findings using assumed deployment exposure; it is not a measured state-year benefit.,Traffic signal control; Ramp metering; Traffic management center operations,285000,Retained from bc_baseline_mock_v1. The legacy value modeled annual benefit growth from comparable ITS JPO findings using assumed deployment exposure; it is not a measured state-year benefit.,Costs reflect recurring O&M plus targeted capital deployment.
New Jersey,2008,BC_Analysis_Default_v1,bc_new_mobility_benefit,New Mobility Benefit,775000,Mock_Default,true,State-year model baseline; no matching authorized monetary record verified,Legacy bc_baseline_mock_v1 supported by ITS JPO Benefits/Costs databases,https://www.itskrs.its.dot.gov/benefits,,"Mock_Default value carried forward: $775,000.",Retained from bc_baseline_mock_v1. The legacy value modeled annual benefit growth from comparable ITS JPO findings using assumed deployment exposure; it is not a measured state-year benefit.,Adaptive traffic signal control; Traveler information systems; Active traffic management,775000,Retained from bc_baseline_mock_v1. The legacy value modeled annual benefit growth from comparable ITS JPO findings using assumed deployment exposure; it is not a measured state-year benefit.,Costs reflect recurring O&M plus targeted capital deployment.
New Jersey,2008,BC_Analysis_Default_v1,bc_new_safety_benefit,New Safety Benefit,595000,Mock_Default,true,State-year model baseline; no matching authorized monetary record verified,Legacy bc_baseline_mock_v1 supported by ITS JPO Benefits/Costs databases,https://www.itskrs.its.dot.gov/benefits,,"Mock_Default value carried forward: $595,000.",Retained from bc_baseline_mock_v1. The legacy value modeled annual benefit growth from comparable ITS JPO findings using assumed deployment exposure; it is not a measured state-year benefit.,Work-zone ITS and queue warning; Variable speed limits; Emergency vehicle preemption,595000,Retained from bc_baseline_mock_v1. The legacy value modeled annual benefit growth from comparable ITS JPO findings using assumed deployment exposure; it is not a measured state-year benefit.,Costs reflect recurring O&M plus targeted capital deployment.
New Jersey,2008,BC_Analysis_Default_v1,bc_new_environment_benefit,New Environmental Benefit,47000,Mock_Default,true,State-year model baseline; no matching authorized monetary record verified,Legacy bc_baseline_mock_v1 supported by ITS JPO Benefits/Costs databases,https://www.itskrs.its.dot.gov/benefits,,"Mock_Default value carried forward: $47,000.",Retained from bc_baseline_mock_v1. The legacy value modeled annual benefit growth from comparable ITS JPO findings using assumed deployment exposure; it is not a measured state-year benefit.,Adaptive traffic signal control; Speed harmonization; Connected-vehicle applications,47000,Retained from bc_baseline_mock_v1. The legacy value modeled annual benefit growth from comparable ITS JPO findings using assumed deployment exposure; it is not a measured state-year benefit.,Costs reflect recurring O&M plus targeted capital deployment.
New Jersey,2008,BC_Analysis_Default_v1,bc_existing_om_cost_total,Existing ITS O&M Cost,3800000,Mock_Default,true,State-year model baseline; no matching authorized monetary record verified,Legacy bc_baseline_mock_v1 supported by ITS JPO Benefits/Costs databases,https://www.itskrs.its.dot.gov/costs,,"Mock_Default value carried forward: $3,800,000.",Retained from bc_baseline_mock_v1. The legacy value scaled ITS JPO sample unit costs and cost ranges using assumed deployment quantities and annual growth; it is not an agency expenditure record.,Traffic management centers; ITS field devices; Communications systems; Traffic signal systems,3800000,Retained from bc_baseline_mock_v1. The legacy value scaled ITS JPO sample unit costs and cost ranges using assumed deployment quantities and annual growth; it is not an agency expenditure record.,Costs reflect recurring O&M plus targeted capital deployment.
New Jersey,2008,BC_Analysis_Default_v1,bc_new_cost_total,New ITS Deployment Cost,1820000,Mock_Default,true,State-year model baseline; no matching authorized monetary record verified,Legacy bc_baseline_mock_v1 supported by ITS JPO Benefits/Costs databases,https://www.itskrs.its.dot.gov/costs,,"Mock_Default value carried forward: $1,820,000.",Retained from bc_baseline_mock_v1. The legacy value scaled ITS JPO sample unit costs and cost ranges using assumed deployment quantities and annual growth; it is not an agency expenditure record.,Traffic signal systems; Detection and surveillance; Dynamic message signs; Work-zone ITS,1820000,Retained from bc_baseline_mock_v1. The legacy value scaled ITS JPO sample unit costs and cost ranges using assumed deployment quantities and annual growth; it is not an agency expenditure record.,Costs reflect recurring O&M plus targeted capital deployment.
New Jersey,2009,BC_Analysis_Default_v1,bc_existing_mobility_benefit,Existing Mobility Benefit,6700000,Mock_Default,true,State-year model baseline; no matching authorized monetary record verified,Legacy bc_baseline_mock_v1 supported by ITS JPO Benefits/Costs databases,https://www.itskrs.its.dot.gov/benefits,,"Mock_Default value carried forward: $6,700,000.",Retained from bc_baseline_mock_v1. The legacy value modeled annual benefit growth from comparable ITS JPO findings using assumed deployment exposure; it is not a measured state-year benefit.,Traffic signal control; Traffic incident management; Traveler information systems,6700000,Retained from bc_baseline_mock_v1. The legacy value modeled annual benefit growth from comparable ITS JPO findings using assumed deployment exposure; it is not a measured state-year benefit.,Costs reflect recurring O&M plus targeted capital deployment.
New Jersey,2009,BC_Analysis_Default_v1,bc_existing_safety_benefit,Existing Safety Benefit,4900000,Mock_Default,true,State-year model baseline; no matching authorized monetary record verified,Legacy bc_baseline_mock_v1 supported by ITS JPO Benefits/Costs databases,https://www.itskrs.its.dot.gov/benefits,,"Mock_Default value carried forward: $4,900,000.",Retained from bc_baseline_mock_v1. The legacy value modeled annual benefit growth from comparable ITS JPO findings using assumed deployment exposure; it is not a measured state-year benefit.,Traffic incident management; Work-zone ITS and queue warning; Speed management,4900000,Retained from bc_baseline_mock_v1. The legacy value modeled annual benefit growth from comparable ITS JPO findings using assumed deployment exposure; it is not a measured state-year benefit.,Costs reflect recurring O&M plus targeted capital deployment.
New Jersey,2009,BC_Analysis_Default_v1,bc_existing_environment_benefit,Existing Environmental Benefit,310000,Mock_Default,true,State-year model baseline; no matching authorized monetary record verified,Legacy bc_baseline_mock_v1 supported by ITS JPO Benefits/Costs databases,https://www.itskrs.its.dot.gov/benefits,,"Mock_Default value carried forward: $310,000.",Retained from bc_baseline_mock_v1. The legacy value modeled annual benefit growth from comparable ITS JPO findings using assumed deployment exposure; it is not a measured state-year benefit.,Traffic signal control; Ramp metering; Traffic management center operations,310000,Retained from bc_baseline_mock_v1. The legacy value modeled annual benefit growth from comparable ITS JPO findings using assumed deployment exposure; it is not a measured state-year benefit.,Costs reflect recurring O&M plus targeted capital deployment.
New Jersey,2009,BC_Analysis_Default_v1,bc_new_mobility_benefit,New Mobility Benefit,835000,Mock_Default,true,State-year model baseline; no matching authorized monetary record verified,Legacy bc_baseline_mock_v1 supported by ITS JPO Benefits/Costs databases,https://www.itskrs.its.dot.gov/benefits,,"Mock_Default value carried forward: $835,000.",Retained from bc_baseline_mock_v1. The legacy value modeled annual benefit growth from comparable ITS JPO findings using assumed deployment exposure; it is not a measured state-year benefit.,Adaptive traffic signal control; Traveler information systems; Active traffic management,835000,Retained from bc_baseline_mock_v1. The legacy value modeled annual benefit growth from comparable ITS JPO findings using assumed deployment exposure; it is not a measured state-year benefit.,Costs reflect recurring O&M plus targeted capital deployment.
New Jersey,2009,BC_Analysis_Default_v1,bc_new_safety_benefit,New Safety Benefit,645000,Mock_Default,true,State-year model baseline; no matching authorized monetary record verified,Legacy bc_baseline_mock_v1 supported by ITS JPO Benefits/Costs databases,https://www.itskrs.its.dot.gov/benefits,,"Mock_Default value carried forward: $645,000.",Retained from bc_baseline_mock_v1. The legacy value modeled annual benefit growth from comparable ITS JPO findings using assumed deployment exposure; it is not a measured state-year benefit.,Work-zone ITS and queue warning; Variable speed limits; Emergency vehicle preemption,645000,Retained from bc_baseline_mock_v1. The legacy value modeled annual benefit growth from comparable ITS JPO findings using assumed deployment exposure; it is not a measured state-year benefit.,Costs reflect recurring O&M plus targeted capital deployment.
New Jersey,2009,BC_Analysis_Default_v1,bc_new_environment_benefit,New Environmental Benefit,51000,Mock_Default,true,State-year model baseline; no matching authorized monetary record verified,Legacy bc_baseline_mock_v1 supported by ITS JPO Benefits/Costs databases,https://www.itskrs.its.dot.gov/benefits,,"Mock_Default value carried forward: $51,000.",Retained from bc_baseline_mock_v1. The legacy value modeled annual benefit growth from comparable ITS JPO findings using assumed deployment exposure; it is not a measured state-year benefit.,Adaptive traffic signal control; Speed harmonization; Connected-vehicle applications,51000,Retained from bc_baseline_mock_v1. The legacy value modeled annual benefit growth from comparable ITS JPO findings using assumed deployment exposure; it is not a measured state-year benefit.,Costs reflect recurring O&M plus targeted capital deployment.
New Jersey,2009,BC_Analysis_Default_v1,bc_existing_om_cost_total,Existing ITS O&M Cost,1500000,Exact_Dataset,false,NJDOT federal authorization line item; partial coverage of statewide ITS activity,NJDOT FY 2009 Annual Obligation Report - Statewide,https://www.nj.gov/transportation/capital/obligation/pdf/2009/statewide.pdf,2009,$1.500 million authorized for Intelligent Transportation Systems (DB #03305).,"Used the report's authorized amount for the explicitly identified ITS or traffic-signal program line item. This is an authorization, not a paid expenditure or lifecycle cost.",ITS architecture; ITS program support; Traffic operations center engineering support; ITS data integration,4050000,Retained from bc_baseline_mock_v1. The legacy value scaled ITS JPO sample unit costs and cost ranges using assumed deployment quantities and annual growth; it is not an agency expenditure record.,Exact reported authorization; the source does not claim that this line item is the complete statewide ITS total.
New Jersey,2009,BC_Analysis_Default_v1,bc_new_cost_total,New ITS Deployment Cost,1700000,Exact_Dataset,false,NJDOT federal authorization line item; partial coverage of statewide ITS activity,NJDOT FY 2009 Annual Obligation Report - Statewide,https://www.nj.gov/transportation/capital/obligation/pdf/2009/statewide.pdf,2009,$1.700 million authorized for Traffic Signal Timing and Optimization (DB #04320).,"Used the report's authorized amount for the explicitly identified ITS or traffic-signal program line item. This is an authorization, not a paid expenditure or lifecycle cost.",Traffic signal timing and optimization; Coordinated traffic signal control,1950000,Retained from bc_baseline_mock_v1. The legacy value scaled ITS JPO sample unit costs and cost ranges using assumed deployment quantities and annual growth; it is not an agency expenditure record.,Exact reported authorization; the source does not claim that this line item is the complete statewide ITS total.
New Jersey,2010,BC_Analysis_Default_v1,bc_existing_mobility_benefit,Existing Mobility Benefit,7200000,Mock_Default,true,State-year model baseline; no matching authorized monetary record verified,Legacy bc_baseline_mock_v1 supported by ITS JPO Benefits/Costs databases,https://www.itskrs.its.dot.gov/benefits,,"Mock_Default value carried forward: $7,200,000.",Retained from bc_baseline_mock_v1. The legacy value modeled annual benefit growth from comparable ITS JPO findings using assumed deployment exposure; it is not a measured state-year benefit.,Traffic signal control; Traffic incident management; Traveler information systems,7200000,Retained from bc_baseline_mock_v1. The legacy value modeled annual benefit growth from comparable ITS JPO findings using assumed deployment exposure; it is not a measured state-year benefit.,Incident response and signal improvements modeled from comparable ITS JPO benefit results.
New Jersey,2010,BC_Analysis_Default_v1,bc_existing_safety_benefit,Existing Safety Benefit,5300000,Mock_Default,true,State-year model baseline; no matching authorized monetary record verified,Legacy bc_baseline_mock_v1 supported by ITS JPO Benefits/Costs databases,https://www.itskrs.its.dot.gov/benefits,,"Mock_Default value carried forward: $5,300,000.",Retained from bc_baseline_mock_v1. The legacy value modeled annual benefit growth from comparable ITS JPO findings using assumed deployment exposure; it is not a measured state-year benefit.,Traffic incident management; Work-zone ITS and queue warning; Speed management,5300000,Retained from bc_baseline_mock_v1. The legacy value modeled annual benefit growth from comparable ITS JPO findings using assumed deployment exposure; it is not a measured state-year benefit.,Incident response and signal improvements modeled from comparable ITS JPO benefit results.
New Jersey,2010,BC_Analysis_Default_v1,bc_existing_environment_benefit,Existing Environmental Benefit,340000,Mock_Default,true,State-year model baseline; no matching authorized monetary record verified,Legacy bc_baseline_mock_v1 supported by ITS JPO Benefits/Costs databases,https://www.itskrs.its.dot.gov/benefits,,"Mock_Default value carried forward: $340,000.",Retained from bc_baseline_mock_v1. The legacy value modeled annual benefit growth from comparable ITS JPO findings using assumed deployment exposure; it is not a measured state-year benefit.,Traffic signal control; Ramp metering; Traffic management center operations,340000,Retained from bc_baseline_mock_v1. The legacy value modeled annual benefit growth from comparable ITS JPO findings using assumed deployment exposure; it is not a measured state-year benefit.,Incident response and signal improvements modeled from comparable ITS JPO benefit results.
New Jersey,2010,BC_Analysis_Default_v1,bc_new_mobility_benefit,New Mobility Benefit,900000,Mock_Default,true,State-year model baseline; no matching authorized monetary record verified,Legacy bc_baseline_mock_v1 supported by ITS JPO Benefits/Costs databases,https://www.itskrs.its.dot.gov/benefits,,"Mock_Default value carried forward: $900,000.",Retained from bc_baseline_mock_v1. The legacy value modeled annual benefit growth from comparable ITS JPO findings using assumed deployment exposure; it is not a measured state-year benefit.,Adaptive traffic signal control; Traveler information systems; Active traffic management,900000,Retained from bc_baseline_mock_v1. The legacy value modeled annual benefit growth from comparable ITS JPO findings using assumed deployment exposure; it is not a measured state-year benefit.,Incident response and signal improvements modeled from comparable ITS JPO benefit results.
New Jersey,2010,BC_Analysis_Default_v1,bc_new_safety_benefit,New Safety Benefit,700000,Mock_Default,true,State-year model baseline; no matching authorized monetary record verified,Legacy bc_baseline_mock_v1 supported by ITS JPO Benefits/Costs databases,https://www.itskrs.its.dot.gov/benefits,,"Mock_Default value carried forward: $700,000.",Retained from bc_baseline_mock_v1. The legacy value modeled annual benefit growth from comparable ITS JPO findings using assumed deployment exposure; it is not a measured state-year benefit.,Work-zone ITS and queue warning; Variable speed limits; Emergency vehicle preemption,700000,Retained from bc_baseline_mock_v1. The legacy value modeled annual benefit growth from comparable ITS JPO findings using assumed deployment exposure; it is not a measured state-year benefit.,Incident response and signal improvements modeled from comparable ITS JPO benefit results.
New Jersey,2010,BC_Analysis_Default_v1,bc_new_environment_benefit,New Environmental Benefit,56000,Mock_Default,true,State-year model baseline; no matching authorized monetary record verified,Legacy bc_baseline_mock_v1 supported by ITS JPO Benefits/Costs databases,https://www.itskrs.its.dot.gov/benefits,,"Mock_Default value carried forward: $56,000.",Retained from bc_baseline_mock_v1. The legacy value modeled annual benefit growth from comparable ITS JPO findings using assumed deployment exposure; it is not a measured state-year benefit.,Adaptive traffic signal control; Speed harmonization; Connected-vehicle applications,56000,Retained from bc_baseline_mock_v1. The legacy value modeled annual benefit growth from comparable ITS JPO findings using assumed deployment exposure; it is not a measured state-year benefit.,Incident response and signal improvements modeled from comparable ITS JPO benefit results.
New Jersey,2010,BC_Analysis_Default_v1,bc_existing_om_cost_total,Existing ITS O&M Cost,1000000,Exact_Dataset,false,NJDOT federal authorization line item; partial coverage of statewide ITS activity,NJDOT FY 2010 Annual Obligation Report - Statewide,https://www.nj.gov/transportation/capital/obligation/pdf/2010/statewide.pdf,2010,$1.000 million authorized for Intelligent Transportation Systems (DB #03305).,"Used the report's authorized amount for the explicitly identified ITS or traffic-signal program line item. This is an authorization, not a paid expenditure or lifecycle cost.",ITS architecture; ITS program support; Traffic operations center engineering support; ITS data integration,4300000,Retained from bc_baseline_mock_v1. The legacy value scaled ITS JPO sample unit costs and cost ranges using assumed deployment quantities and annual growth; it is not an agency expenditure record.,Exact reported authorization; the source does not claim that this line item is the complete statewide ITS total.
New Jersey,2010,BC_Analysis_Default_v1,bc_new_cost_total,New ITS Deployment Cost,1700000,Exact_Dataset,false,NJDOT federal authorization line item; partial coverage of statewide ITS activity,NJDOT FY 2010 Annual Obligation Report - Statewide,https://www.nj.gov/transportation/capital/obligation/pdf/2010/statewide.pdf,2010,$1.700 million authorized for Traffic Signal Timing and Optimization (DB #04320).,"Used the report's authorized amount for the explicitly identified ITS or traffic-signal program line item. This is an authorization, not a paid expenditure or lifecycle cost.",Traffic signal timing and optimization; Coordinated traffic signal control,2100000,Retained from bc_baseline_mock_v1. The legacy value scaled ITS JPO sample unit costs and cost ranges using assumed deployment quantities and annual growth; it is not an agency expenditure record.,Exact reported authorization; the source does not claim that this line item is the complete statewide ITS total.
New Jersey,2011,BC_Analysis_Default_v1,bc_existing_mobility_benefit,Existing Mobility Benefit,7750000,Mock_Default,true,State-year model baseline; no matching authorized monetary record verified,Legacy bc_baseline_mock_v1 supported by ITS JPO Benefits/Costs databases,https://www.itskrs.its.dot.gov/benefits,,"Mock_Default value carried forward: $7,750,000.",Retained from bc_baseline_mock_v1. The legacy value modeled annual benefit growth from comparable ITS JPO findings using assumed deployment exposure; it is not a measured state-year benefit.,Traffic signal control; Traffic incident management; Traveler information systems,7750000,Retained from bc_baseline_mock_v1. The legacy value modeled annual benefit growth from comparable ITS JPO findings using assumed deployment exposure; it is not a measured state-year benefit.,Incident response and signal improvements modeled from comparable ITS JPO benefit results.
New Jersey,2011,BC_Analysis_Default_v1,bc_existing_safety_benefit,Existing Safety Benefit,5750000,Mock_Default,true,State-year model baseline; no matching authorized monetary record verified,Legacy bc_baseline_mock_v1 supported by ITS JPO Benefits/Costs databases,https://www.itskrs.its.dot.gov/benefits,,"Mock_Default value carried forward: $5,750,000.",Retained from bc_baseline_mock_v1. The legacy value modeled annual benefit growth from comparable ITS JPO findings using assumed deployment exposure; it is not a measured state-year benefit.,Traffic incident management; Work-zone ITS and queue warning; Speed management,5750000,Retained from bc_baseline_mock_v1. The legacy value modeled annual benefit growth from comparable ITS JPO findings using assumed deployment exposure; it is not a measured state-year benefit.,Incident response and signal improvements modeled from comparable ITS JPO benefit results.
New Jersey,2011,BC_Analysis_Default_v1,bc_existing_environment_benefit,Existing Environmental Benefit,375000,Mock_Default,true,State-year model baseline; no matching authorized monetary record verified,Legacy bc_baseline_mock_v1 supported by ITS JPO Benefits/Costs databases,https://www.itskrs.its.dot.gov/benefits,,"Mock_Default value carried forward: $375,000.",Retained from bc_baseline_mock_v1. The legacy value modeled annual benefit growth from comparable ITS JPO findings using assumed deployment exposure; it is not a measured state-year benefit.,Traffic signal control; Ramp metering; Traffic management center operations,375000,Retained from bc_baseline_mock_v1. The legacy value modeled annual benefit growth from comparable ITS JPO findings using assumed deployment exposure; it is not a measured state-year benefit.,Incident response and signal improvements modeled from comparable ITS JPO benefit results.
New Jersey,2011,BC_Analysis_Default_v1,bc_new_mobility_benefit,New Mobility Benefit,970000,Mock_Default,true,State-year model baseline; no matching authorized monetary record verified,Legacy bc_baseline_mock_v1 supported by ITS JPO Benefits/Costs databases,https://www.itskrs.its.dot.gov/benefits,,"Mock_Default value carried forward: $970,000.",Retained from bc_baseline_mock_v1. The legacy value modeled annual benefit growth from comparable ITS JPO findings using assumed deployment exposure; it is not a measured state-year benefit.,Adaptive traffic signal control; Traveler information systems; Active traffic management,970000,Retained from bc_baseline_mock_v1. The legacy value modeled annual benefit growth from comparable ITS JPO findings using assumed deployment exposure; it is not a measured state-year benefit.,Incident response and signal improvements modeled from comparable ITS JPO benefit results.
New Jersey,2011,BC_Analysis_Default_v1,bc_new_safety_benefit,New Safety Benefit,760000,Mock_Default,true,State-year model baseline; no matching authorized monetary record verified,Legacy bc_baseline_mock_v1 supported by ITS JPO Benefits/Costs databases,https://www.itskrs.its.dot.gov/benefits,,"Mock_Default value carried forward: $760,000.",Retained from bc_baseline_mock_v1. The legacy value modeled annual benefit growth from comparable ITS JPO findings using assumed deployment exposure; it is not a measured state-year benefit.,Work-zone ITS and queue warning; Variable speed limits; Emergency vehicle preemption,760000,Retained from bc_baseline_mock_v1. The legacy value modeled annual benefit growth from comparable ITS JPO findings using assumed deployment exposure; it is not a measured state-year benefit.,Incident response and signal improvements modeled from comparable ITS JPO benefit results.
New Jersey,2011,BC_Analysis_Default_v1,bc_new_environment_benefit,New Environmental Benefit,62000,Mock_Default,true,State-year model baseline; no matching authorized monetary record verified,Legacy bc_baseline_mock_v1 supported by ITS JPO Benefits/Costs databases,https://www.itskrs.its.dot.gov/benefits,,"Mock_Default value carried forward: $62,000.",Retained from bc_baseline_mock_v1. The legacy value modeled annual benefit growth from comparable ITS JPO findings using assumed deployment exposure; it is not a measured state-year benefit.,Adaptive traffic signal control; Speed harmonization; Connected-vehicle applications,62000,Retained from bc_baseline_mock_v1. The legacy value modeled annual benefit growth from comparable ITS JPO findings using assumed deployment exposure; it is not a measured state-year benefit.,Incident response and signal improvements modeled from comparable ITS JPO benefit results.
New Jersey,2011,BC_Analysis_Default_v1,bc_existing_om_cost_total,Existing ITS O&M Cost,1500000,Exact_Dataset,false,NJDOT federal authorization line item; partial coverage of statewide ITS activity,NJDOT FY 2011 Annual Obligation Report - Statewide,https://www.nj.gov/transportation/capital/obligation/pdf/2011/statewide2011.pdf,2011,$1.500 million authorized for Intelligent Transportation Systems (DB #03305).,"Used the report's authorized amount for the explicitly identified ITS or traffic-signal program line item. This is an authorization, not a paid expenditure or lifecycle cost.",ITS architecture; ITS program support; Traffic operations center engineering support; ITS data integration,4600000,Retained from bc_baseline_mock_v1. The legacy value scaled ITS JPO sample unit costs and cost ranges using assumed deployment quantities and annual growth; it is not an agency expenditure record.,Exact reported authorization; the source does not claim that this line item is the complete statewide ITS total.
New Jersey,2011,BC_Analysis_Default_v1,bc_new_cost_total,New ITS Deployment Cost,2270000,Mock_Default,true,State-year model baseline; no matching authorized monetary record verified,Legacy bc_baseline_mock_v1 supported by ITS JPO Benefits/Costs databases,https://www.itskrs.its.dot.gov/costs,,"Mock_Default value carried forward: $2,270,000.",Retained from bc_baseline_mock_v1. The legacy value scaled ITS JPO sample unit costs and cost ranges using assumed deployment quantities and annual growth; it is not an agency expenditure record.,Traffic signal systems; Detection and surveillance; Dynamic message signs; Work-zone ITS,2270000,Retained from bc_baseline_mock_v1. The legacy value scaled ITS JPO sample unit costs and cost ranges using assumed deployment quantities and annual growth; it is not an agency expenditure record.,Incident response and signal improvements modeled from comparable ITS JPO benefit results.
New Jersey,2012,BC_Analysis_Default_v1,bc_existing_mobility_benefit,Existing Mobility Benefit,8350000,Mock_Default,true,State-year model baseline; no matching authorized monetary record verified,Legacy bc_baseline_mock_v1 supported by ITS JPO Benefits/Costs databases,https://www.itskrs.its.dot.gov/benefits,,"Mock_Default value carried forward: $8,350,000.",Retained from bc_baseline_mock_v1. The legacy value modeled annual benefit growth from comparable ITS JPO findings using assumed deployment exposure; it is not a measured state-year benefit.,Traffic signal control; Traffic incident management; Traveler information systems,8350000,Retained from bc_baseline_mock_v1. The legacy value modeled annual benefit growth from comparable ITS JPO findings using assumed deployment exposure; it is not a measured state-year benefit.,Incremental ITS project scale increases new benefits and new costs.
New Jersey,2012,BC_Analysis_Default_v1,bc_existing_safety_benefit,Existing Safety Benefit,6200000,Mock_Default,true,State-year model baseline; no matching authorized monetary record verified,Legacy bc_baseline_mock_v1 supported by ITS JPO Benefits/Costs databases,https://www.itskrs.its.dot.gov/benefits,,"Mock_Default value carried forward: $6,200,000.",Retained from bc_baseline_mock_v1. The legacy value modeled annual benefit growth from comparable ITS JPO findings using assumed deployment exposure; it is not a measured state-year benefit.,Traffic incident management; Work-zone ITS and queue warning; Speed management,6200000,Retained from bc_baseline_mock_v1. The legacy value modeled annual benefit growth from comparable ITS JPO findings using assumed deployment exposure; it is not a measured state-year benefit.,Incremental ITS project scale increases new benefits and new costs.
New Jersey,2012,BC_Analysis_Default_v1,bc_existing_environment_benefit,Existing Environmental Benefit,410000,Mock_Default,true,State-year model baseline; no matching authorized monetary record verified,Legacy bc_baseline_mock_v1 supported by ITS JPO Benefits/Costs databases,https://www.itskrs.its.dot.gov/benefits,,"Mock_Default value carried forward: $410,000.",Retained from bc_baseline_mock_v1. The legacy value modeled annual benefit growth from comparable ITS JPO findings using assumed deployment exposure; it is not a measured state-year benefit.,Traffic signal control; Ramp metering; Traffic management center operations,410000,Retained from bc_baseline_mock_v1. The legacy value modeled annual benefit growth from comparable ITS JPO findings using assumed deployment exposure; it is not a measured state-year benefit.,Incremental ITS project scale increases new benefits and new costs.
New Jersey,2012,BC_Analysis_Default_v1,bc_new_mobility_benefit,New Mobility Benefit,1050000,Mock_Default,true,State-year model baseline; no matching authorized monetary record verified,Legacy bc_baseline_mock_v1 supported by ITS JPO Benefits/Costs databases,https://www.itskrs.its.dot.gov/benefits,,"Mock_Default value carried forward: $1,050,000.",Retained from bc_baseline_mock_v1. The legacy value modeled annual benefit growth from comparable ITS JPO findings using assumed deployment exposure; it is not a measured state-year benefit.,Adaptive traffic signal control; Traveler information systems; Active traffic management,1050000,Retained from bc_baseline_mock_v1. The legacy value modeled annual benefit growth from comparable ITS JPO findings using assumed deployment exposure; it is not a measured state-year benefit.,Incremental ITS project scale increases new benefits and new costs.
New Jersey,2012,BC_Analysis_Default_v1,bc_new_safety_benefit,New Safety Benefit,825000,Mock_Default,true,State-year model baseline; no matching authorized monetary record verified,Legacy bc_baseline_mock_v1 supported by ITS JPO Benefits/Costs databases,https://www.itskrs.its.dot.gov/benefits,,"Mock_Default value carried forward: $825,000.",Retained from bc_baseline_mock_v1. The legacy value modeled annual benefit growth from comparable ITS JPO findings using assumed deployment exposure; it is not a measured state-year benefit.,Work-zone ITS and queue warning; Variable speed limits; Emergency vehicle preemption,825000,Retained from bc_baseline_mock_v1. The legacy value modeled annual benefit growth from comparable ITS JPO findings using assumed deployment exposure; it is not a measured state-year benefit.,Incremental ITS project scale increases new benefits and new costs.
New Jersey,2012,BC_Analysis_Default_v1,bc_new_environment_benefit,New Environmental Benefit,68000,Mock_Default,true,State-year model baseline; no matching authorized monetary record verified,Legacy bc_baseline_mock_v1 supported by ITS JPO Benefits/Costs databases,https://www.itskrs.its.dot.gov/benefits,,"Mock_Default value carried forward: $68,000.",Retained from bc_baseline_mock_v1. The legacy value modeled annual benefit growth from comparable ITS JPO findings using assumed deployment exposure; it is not a measured state-year benefit.,Adaptive traffic signal control; Speed harmonization; Connected-vehicle applications,68000,Retained from bc_baseline_mock_v1. The legacy value modeled annual benefit growth from comparable ITS JPO findings using assumed deployment exposure; it is not a measured state-year benefit.,Incremental ITS project scale increases new benefits and new costs.
New Jersey,2012,BC_Analysis_Default_v1,bc_existing_om_cost_total,Existing ITS O&M Cost,931000,Exact_Dataset,false,NJDOT federal authorization line item; partial coverage of statewide ITS activity,NJDOT FY 2012 Annual Obligation Report - Statewide,https://www.nj.gov/transportation/capital/obligation/pdf/2012/statewide.pdf,2012,$0.931 million authorized for Intelligent Transportation Systems (DB #03305).,"Used the report's authorized amount for the explicitly identified ITS or traffic-signal program line item. This is an authorization, not a paid expenditure or lifecycle cost.",ITS program support; ITS architecture; Technology evaluation,4900000,Retained from bc_baseline_mock_v1. The legacy value scaled ITS JPO sample unit costs and cost ranges using assumed deployment quantities and annual growth; it is not an agency expenditure record.,Exact reported authorization; the source does not claim that this line item is the complete statewide ITS total.
New Jersey,2012,BC_Analysis_Default_v1,bc_new_cost_total,New ITS Deployment Cost,2545000,Exact_Dataset,false,NJDOT federal authorization line item; partial coverage of statewide ITS activity,NJDOT FY 2012 Annual Obligation Report - Statewide,https://www.nj.gov/transportation/capital/obligation/pdf/2012/statewide.pdf,2012,$2.545 million authorized for Traffic Signal Timing and Optimization (DB #04320).,"Used the report's authorized amount for the explicitly identified ITS or traffic-signal program line item. This is an authorization, not a paid expenditure or lifecycle cost.",Traffic signal timing and optimization; Coordinated traffic signal control,2450000,Retained from bc_baseline_mock_v1. The legacy value scaled ITS JPO sample unit costs and cost ranges using assumed deployment quantities and annual growth; it is not an agency expenditure record.,Exact reported authorization; the source does not claim that this line item is the complete statewide ITS total.
New Jersey,2013,BC_Analysis_Default_v1,bc_existing_mobility_benefit,Existing Mobility Benefit,9000000,Mock_Default,true,State-year model baseline; no matching authorized monetary record verified,Legacy bc_baseline_mock_v1 supported by ITS JPO Benefits/Costs databases,https://www.itskrs.its.dot.gov/benefits,,"Mock_Default value carried forward: $9,000,000.",Retained from bc_baseline_mock_v1. The legacy value modeled annual benefit growth from comparable ITS JPO findings using assumed deployment exposure; it is not a measured state-year benefit.,Traffic signal control; Traffic incident management; Traveler information systems,9000000,Retained from bc_baseline_mock_v1. The legacy value modeled annual benefit growth from comparable ITS JPO findings using assumed deployment exposure; it is not a measured state-year benefit.,Incremental ITS project scale increases new benefits and new costs.
New Jersey,2013,BC_Analysis_Default_v1,bc_existing_safety_benefit,Existing Safety Benefit,6700000,Mock_Default,true,State-year model baseline; no matching authorized monetary record verified,Legacy bc_baseline_mock_v1 supported by ITS JPO Benefits/Costs databases,https://www.itskrs.its.dot.gov/benefits,,"Mock_Default value carried forward: $6,700,000.",Retained from bc_baseline_mock_v1. The legacy value modeled annual benefit growth from comparable ITS JPO findings using assumed deployment exposure; it is not a measured state-year benefit.,Traffic incident management; Work-zone ITS and queue warning; Speed management,6700000,Retained from bc_baseline_mock_v1. The legacy value modeled annual benefit growth from comparable ITS JPO findings using assumed deployment exposure; it is not a measured state-year benefit.,Incremental ITS project scale increases new benefits and new costs.
New Jersey,2013,BC_Analysis_Default_v1,bc_existing_environment_benefit,Existing Environmental Benefit,450000,Mock_Default,true,State-year model baseline; no matching authorized monetary record verified,Legacy bc_baseline_mock_v1 supported by ITS JPO Benefits/Costs databases,https://www.itskrs.its.dot.gov/benefits,,"Mock_Default value carried forward: $450,000.",Retained from bc_baseline_mock_v1. The legacy value modeled annual benefit growth from comparable ITS JPO findings using assumed deployment exposure; it is not a measured state-year benefit.,Traffic signal control; Ramp metering; Traffic management center operations,450000,Retained from bc_baseline_mock_v1. The legacy value modeled annual benefit growth from comparable ITS JPO findings using assumed deployment exposure; it is not a measured state-year benefit.,Incremental ITS project scale increases new benefits and new costs.
New Jersey,2013,BC_Analysis_Default_v1,bc_new_mobility_benefit,New Mobility Benefit,1140000,Mock_Default,true,State-year model baseline; no matching authorized monetary record verified,Legacy bc_baseline_mock_v1 supported by ITS JPO Benefits/Costs databases,https://www.itskrs.its.dot.gov/benefits,,"Mock_Default value carried forward: $1,140,000.",Retained from bc_baseline_mock_v1. The legacy value modeled annual benefit growth from comparable ITS JPO findings using assumed deployment exposure; it is not a measured state-year benefit.,Adaptive traffic signal control; Traveler information systems; Active traffic management,1140000,Retained from bc_baseline_mock_v1. The legacy value modeled annual benefit growth from comparable ITS JPO findings using assumed deployment exposure; it is not a measured state-year benefit.,Incremental ITS project scale increases new benefits and new costs.
New Jersey,2013,BC_Analysis_Default_v1,bc_new_safety_benefit,New Safety Benefit,895000,Mock_Default,true,State-year model baseline; no matching authorized monetary record verified,Legacy bc_baseline_mock_v1 supported by ITS JPO Benefits/Costs databases,https://www.itskrs.its.dot.gov/benefits,,"Mock_Default value carried forward: $895,000.",Retained from bc_baseline_mock_v1. The legacy value modeled annual benefit growth from comparable ITS JPO findings using assumed deployment exposure; it is not a measured state-year benefit.,Work-zone ITS and queue warning; Variable speed limits; Emergency vehicle preemption,895000,Retained from bc_baseline_mock_v1. The legacy value modeled annual benefit growth from comparable ITS JPO findings using assumed deployment exposure; it is not a measured state-year benefit.,Incremental ITS project scale increases new benefits and new costs.
New Jersey,2013,BC_Analysis_Default_v1,bc_new_environment_benefit,New Environmental Benefit,75000,Mock_Default,true,State-year model baseline; no matching authorized monetary record verified,Legacy bc_baseline_mock_v1 supported by ITS JPO Benefits/Costs databases,https://www.itskrs.its.dot.gov/benefits,,"Mock_Default value carried forward: $75,000.",Retained from bc_baseline_mock_v1. The legacy value modeled annual benefit growth from comparable ITS JPO findings using assumed deployment exposure; it is not a measured state-year benefit.,Adaptive traffic signal control; Speed harmonization; Connected-vehicle applications,75000,Retained from bc_baseline_mock_v1. The legacy value modeled annual benefit growth from comparable ITS JPO findings using assumed deployment exposure; it is not a measured state-year benefit.,Incremental ITS project scale increases new benefits and new costs.
New Jersey,2013,BC_Analysis_Default_v1,bc_existing_om_cost_total,Existing ITS O&M Cost,5313000,Exact_Dataset,false,NJDOT federal authorization line item; partial coverage of statewide ITS activity,NJDOT FY 2013 Annual Obligation Report - Statewide,https://www.nj.gov/transportation/capital/obligation/pdf/2013/statewide.pdf,2013,"$5.313 million authorized under Intelligent Transportation Systems (DB #03305), including the ITS Resource Center.","Used the report's authorized amount for the explicitly identified ITS or traffic-signal program line item. This is an authorization, not a paid expenditure or lifecycle cost.",ITS Resource Center; ITS program support; Technology evaluation; Traffic operations support,5250000,Retained from bc_baseline_mock_v1. The legacy value scaled ITS JPO sample unit costs and cost ranges using assumed deployment quantities and annual growth; it is not an agency expenditure record.,Exact reported authorization; the source does not claim that this line item is the complete statewide ITS total.
New Jersey,2013,BC_Analysis_Default_v1,bc_new_cost_total,New ITS Deployment Cost,4838000,Exact_Dataset,false,NJDOT federal authorization line item; partial coverage of statewide ITS activity,NJDOT FY 2013 Annual Obligation Report - Statewide,https://www.nj.gov/transportation/capital/obligation/pdf/2013/statewide.pdf,2013,$4.838 million authorized for Traffic Signal Timing and Optimization (DB #04320).,"Used the report's authorized amount for the explicitly identified ITS or traffic-signal program line item. This is an authorization, not a paid expenditure or lifecycle cost.",Traffic signal timing and optimization; Coordinated traffic signal control,2650000,Retained from bc_baseline_mock_v1. The legacy value scaled ITS JPO sample unit costs and cost ranges using assumed deployment quantities and annual growth; it is not an agency expenditure record.,Exact reported authorization; the source does not claim that this line item is the complete statewide ITS total.
New Jersey,2014,BC_Analysis_Default_v1,bc_existing_mobility_benefit,Existing Mobility Benefit,9700000,Mock_Default,true,State-year model baseline; no matching authorized monetary record verified,Legacy bc_baseline_mock_v1 supported by ITS JPO Benefits/Costs databases,https://www.itskrs.its.dot.gov/benefits,,"Mock_Default value carried forward: $9,700,000.",Retained from bc_baseline_mock_v1. The legacy value modeled annual benefit growth from comparable ITS JPO findings using assumed deployment exposure; it is not a measured state-year benefit.,Traffic signal control; Traffic incident management; Traveler information systems,9700000,Retained from bc_baseline_mock_v1. The legacy value modeled annual benefit growth from comparable ITS JPO findings using assumed deployment exposure; it is not a measured state-year benefit.,Incremental ITS project scale increases new benefits and new costs.
New Jersey,2014,BC_Analysis_Default_v1,bc_existing_safety_benefit,Existing Safety Benefit,7250000,Mock_Default,true,State-year model baseline; no matching authorized monetary record verified,Legacy bc_baseline_mock_v1 supported by ITS JPO Benefits/Costs databases,https://www.itskrs.its.dot.gov/benefits,,"Mock_Default value carried forward: $7,250,000.",Retained from bc_baseline_mock_v1. The legacy value modeled annual benefit growth from comparable ITS JPO findings using assumed deployment exposure; it is not a measured state-year benefit.,Traffic incident management; Work-zone ITS and queue warning; Speed management,7250000,Retained from bc_baseline_mock_v1. The legacy value modeled annual benefit growth from comparable ITS JPO findings using assumed deployment exposure; it is not a measured state-year benefit.,Incremental ITS project scale increases new benefits and new costs.
New Jersey,2014,BC_Analysis_Default_v1,bc_existing_environment_benefit,Existing Environmental Benefit,495000,Mock_Default,true,State-year model baseline; no matching authorized monetary record verified,Legacy bc_baseline_mock_v1 supported by ITS JPO Benefits/Costs databases,https://www.itskrs.its.dot.gov/benefits,,"Mock_Default value carried forward: $495,000.",Retained from bc_baseline_mock_v1. The legacy value modeled annual benefit growth from comparable ITS JPO findings using assumed deployment exposure; it is not a measured state-year benefit.,Traffic signal control; Ramp metering; Traffic management center operations,495000,Retained from bc_baseline_mock_v1. The legacy value modeled annual benefit growth from comparable ITS JPO findings using assumed deployment exposure; it is not a measured state-year benefit.,Incremental ITS project scale increases new benefits and new costs.
New Jersey,2014,BC_Analysis_Default_v1,bc_new_mobility_benefit,New Mobility Benefit,1230000,Mock_Default,true,State-year model baseline; no matching authorized monetary record verified,Legacy bc_baseline_mock_v1 supported by ITS JPO Benefits/Costs databases,https://www.itskrs.its.dot.gov/benefits,,"Mock_Default value carried forward: $1,230,000.",Retained from bc_baseline_mock_v1. The legacy value modeled annual benefit growth from comparable ITS JPO findings using assumed deployment exposure; it is not a measured state-year benefit.,Adaptive traffic signal control; Traveler information systems; Active traffic management,1230000,Retained from bc_baseline_mock_v1. The legacy value modeled annual benefit growth from comparable ITS JPO findings using assumed deployment exposure; it is not a measured state-year benefit.,Incremental ITS project scale increases new benefits and new costs.
New Jersey,2014,BC_Analysis_Default_v1,bc_new_safety_benefit,New Safety Benefit,970000,Mock_Default,true,State-year model baseline; no matching authorized monetary record verified,Legacy bc_baseline_mock_v1 supported by ITS JPO Benefits/Costs databases,https://www.itskrs.its.dot.gov/benefits,,"Mock_Default value carried forward: $970,000.",Retained from bc_baseline_mock_v1. The legacy value modeled annual benefit growth from comparable ITS JPO findings using assumed deployment exposure; it is not a measured state-year benefit.,Work-zone ITS and queue warning; Variable speed limits; Emergency vehicle preemption,970000,Retained from bc_baseline_mock_v1. The legacy value modeled annual benefit growth from comparable ITS JPO findings using assumed deployment exposure; it is not a measured state-year benefit.,Incremental ITS project scale increases new benefits and new costs.
New Jersey,2014,BC_Analysis_Default_v1,bc_new_environment_benefit,New Environmental Benefit,83000,Mock_Default,true,State-year model baseline; no matching authorized monetary record verified,Legacy bc_baseline_mock_v1 supported by ITS JPO Benefits/Costs databases,https://www.itskrs.its.dot.gov/benefits,,"Mock_Default value carried forward: $83,000.",Retained from bc_baseline_mock_v1. The legacy value modeled annual benefit growth from comparable ITS JPO findings using assumed deployment exposure; it is not a measured state-year benefit.,Adaptive traffic signal control; Speed harmonization; Connected-vehicle applications,83000,Retained from bc_baseline_mock_v1. The legacy value modeled annual benefit growth from comparable ITS JPO findings using assumed deployment exposure; it is not a measured state-year benefit.,Incremental ITS project scale increases new benefits and new costs.
New Jersey,2014,BC_Analysis_Default_v1,bc_existing_om_cost_total,Existing ITS O&M Cost,4000000,Exact_Dataset,false,NJDOT federal authorization line item; partial coverage of statewide ITS activity,NJDOT FY 2014 Annual Obligation Report - Statewide,https://www.nj.gov/transportation/capital/obligation/pdf/2014/statewide.pdf,2014,$4.000 million authorized for the Intelligent Transportation System Resource Center (DB #13304).,"Used the report's authorized amount for the explicitly identified ITS or traffic-signal program line item. This is an authorization, not a paid expenditure or lifecycle cost.",ITS Resource Center; ITS program support; Technology evaluation,5600000,Retained from bc_baseline_mock_v1. The legacy value scaled ITS JPO sample unit costs and cost ranges using assumed deployment quantities and annual growth; it is not an agency expenditure record.,Exact reported authorization; the source does not claim that this line item is the complete statewide ITS total.
New Jersey,2014,BC_Analysis_Default_v1,bc_new_cost_total,New ITS Deployment Cost,5148000,Exact_Dataset,false,NJDOT federal authorization line item; partial coverage of statewide ITS activity,NJDOT FY 2014 Annual Obligation Report - Statewide,https://www.nj.gov/transportation/capital/obligation/pdf/2014/statewide.pdf,2014,$5.148 million combined authorizations explicitly listed for traffic-signal timing/optimization and Route 18 traffic-signal-system work.,"Used the report's authorized amount for the explicitly identified ITS or traffic-signal program line item. This is an authorization, not a paid expenditure or lifecycle cost.",Traffic signal timing and optimization; Coordinated traffic signal control; Route 18 traffic signal system,2870000,Retained from bc_baseline_mock_v1. The legacy value scaled ITS JPO sample unit costs and cost ranges using assumed deployment quantities and annual growth; it is not an agency expenditure record.,Exact reported authorization; the source does not claim that this line item is the complete statewide ITS total.
New Jersey,2015,BC_Analysis_Default_v1,bc_existing_mobility_benefit,Existing Mobility Benefit,10400000,Mock_Default,true,State-year model baseline; no matching authorized monetary record verified,Legacy bc_baseline_mock_v1 supported by ITS JPO Benefits/Costs databases,https://www.itskrs.its.dot.gov/benefits,,"Mock_Default value carried forward: $10,400,000.",Retained from bc_baseline_mock_v1. The legacy value modeled annual benefit growth from comparable ITS JPO findings using assumed deployment exposure; it is not a measured state-year benefit.,Traffic signal control; Traffic incident management; Traveler information systems,10400000,Retained from bc_baseline_mock_v1. The legacy value modeled annual benefit growth from comparable ITS JPO findings using assumed deployment exposure; it is not a measured state-year benefit.,Comparable ITS JPO findings used where direct New Jersey benefit/cost values are not available.
New Jersey,2015,BC_Analysis_Default_v1,bc_existing_safety_benefit,Existing Safety Benefit,7850000,Mock_Default,true,State-year model baseline; no matching authorized monetary record verified,Legacy bc_baseline_mock_v1 supported by ITS JPO Benefits/Costs databases,https://www.itskrs.its.dot.gov/benefits,,"Mock_Default value carried forward: $7,850,000.",Retained from bc_baseline_mock_v1. The legacy value modeled annual benefit growth from comparable ITS JPO findings using assumed deployment exposure; it is not a measured state-year benefit.,Traffic incident management; Work-zone ITS and queue warning; Speed management,7850000,Retained from bc_baseline_mock_v1. The legacy value modeled annual benefit growth from comparable ITS JPO findings using assumed deployment exposure; it is not a measured state-year benefit.,Comparable ITS JPO findings used where direct New Jersey benefit/cost values are not available.
New Jersey,2015,BC_Analysis_Default_v1,bc_existing_environment_benefit,Existing Environmental Benefit,540000,Mock_Default,true,State-year model baseline; no matching authorized monetary record verified,Legacy bc_baseline_mock_v1 supported by ITS JPO Benefits/Costs databases,https://www.itskrs.its.dot.gov/benefits,,"Mock_Default value carried forward: $540,000.",Retained from bc_baseline_mock_v1. The legacy value modeled annual benefit growth from comparable ITS JPO findings using assumed deployment exposure; it is not a measured state-year benefit.,Traffic signal control; Ramp metering; Traffic management center operations,540000,Retained from bc_baseline_mock_v1. The legacy value modeled annual benefit growth from comparable ITS JPO findings using assumed deployment exposure; it is not a measured state-year benefit.,Comparable ITS JPO findings used where direct New Jersey benefit/cost values are not available.
New Jersey,2015,BC_Analysis_Default_v1,bc_new_mobility_benefit,New Mobility Benefit,1340000,Mock_Default,true,State-year model baseline; no matching authorized monetary record verified,Legacy bc_baseline_mock_v1 supported by ITS JPO Benefits/Costs databases,https://www.itskrs.its.dot.gov/benefits,,"Mock_Default value carried forward: $1,340,000.",Retained from bc_baseline_mock_v1. The legacy value modeled annual benefit growth from comparable ITS JPO findings using assumed deployment exposure; it is not a measured state-year benefit.,Adaptive traffic signal control; Traveler information systems; Active traffic management,1340000,Retained from bc_baseline_mock_v1. The legacy value modeled annual benefit growth from comparable ITS JPO findings using assumed deployment exposure; it is not a measured state-year benefit.,Comparable ITS JPO findings used where direct New Jersey benefit/cost values are not available.
New Jersey,2015,BC_Analysis_Default_v1,bc_new_safety_benefit,New Safety Benefit,1060000,Mock_Default,true,State-year model baseline; no matching authorized monetary record verified,Legacy bc_baseline_mock_v1 supported by ITS JPO Benefits/Costs databases,https://www.itskrs.its.dot.gov/benefits,,"Mock_Default value carried forward: $1,060,000.",Retained from bc_baseline_mock_v1. The legacy value modeled annual benefit growth from comparable ITS JPO findings using assumed deployment exposure; it is not a measured state-year benefit.,Work-zone ITS and queue warning; Variable speed limits; Emergency vehicle preemption,1060000,Retained from bc_baseline_mock_v1. The legacy value modeled annual benefit growth from comparable ITS JPO findings using assumed deployment exposure; it is not a measured state-year benefit.,Comparable ITS JPO findings used where direct New Jersey benefit/cost values are not available.
New Jersey,2015,BC_Analysis_Default_v1,bc_new_environment_benefit,New Environmental Benefit,92000,Mock_Default,true,State-year model baseline; no matching authorized monetary record verified,Legacy bc_baseline_mock_v1 supported by ITS JPO Benefits/Costs databases,https://www.itskrs.its.dot.gov/benefits,,"Mock_Default value carried forward: $92,000.",Retained from bc_baseline_mock_v1. The legacy value modeled annual benefit growth from comparable ITS JPO findings using assumed deployment exposure; it is not a measured state-year benefit.,Adaptive traffic signal control; Speed harmonization; Connected-vehicle applications,92000,Retained from bc_baseline_mock_v1. The legacy value modeled annual benefit growth from comparable ITS JPO findings using assumed deployment exposure; it is not a measured state-year benefit.,Comparable ITS JPO findings used where direct New Jersey benefit/cost values are not available.
New Jersey,2015,BC_Analysis_Default_v1,bc_existing_om_cost_total,Existing ITS O&M Cost,3292000,Exact_Dataset,false,NJDOT federal authorization line item; partial coverage of statewide ITS activity,NJDOT FY 2015 Annual Obligation Report - Statewide,https://www.nj.gov/transportation/capital/obligation/pdf/2015/statewide.pdf,2015,$3.292 million combined authorizations explicitly listed for the Intelligent Transportation System Resource Center.,"Used the report's authorized amount for the explicitly identified ITS or traffic-signal program line item. This is an authorization, not a paid expenditure or lifecycle cost.",ITS Resource Center; ITS program support; Technology evaluation,6000000,Retained from bc_baseline_mock_v1. The legacy value scaled ITS JPO sample unit costs and cost ranges using assumed deployment quantities and annual growth; it is not an agency expenditure record.,Exact reported authorization; the source does not claim that this line item is the complete statewide ITS total.
New Jersey,2015,BC_Analysis_Default_v1,bc_new_cost_total,New ITS Deployment Cost,9317000,Exact_Dataset,false,NJDOT federal authorization line item; partial coverage of statewide ITS activity,NJDOT FY 2015 Annual Obligation Report - Statewide,https://www.nj.gov/transportation/capital/obligation/pdf/2015/statewide.pdf,2015,"$9.317 million authorized for Traffic Signal Replacement (DB #X47, NHPP).","Used the report's authorized amount for the explicitly identified ITS or traffic-signal program line item. This is an authorization, not a paid expenditure or lifecycle cost.",Traffic signal replacement; Signal equipment modernization,3100000,Retained from bc_baseline_mock_v1. The legacy value scaled ITS JPO sample unit costs and cost ranges using assumed deployment quantities and annual growth; it is not an agency expenditure record.,Exact reported authorization; the source does not claim that this line item is the complete statewide ITS total.
New Jersey,2016,BC_Analysis_Default_v1,bc_existing_mobility_benefit,Existing Mobility Benefit,11200000,Mock_Default,true,State-year model baseline; no matching authorized monetary record verified,Legacy bc_baseline_mock_v1 supported by ITS JPO Benefits/Costs databases,https://www.itskrs.its.dot.gov/benefits,,"Mock_Default value carried forward: $11,200,000.",Retained from bc_baseline_mock_v1. The legacy value modeled annual benefit growth from comparable ITS JPO findings using assumed deployment exposure; it is not a measured state-year benefit.,Traffic signal control; Traffic incident management; Traveler information systems,11200000,Retained from bc_baseline_mock_v1. The legacy value modeled annual benefit growth from comparable ITS JPO findings using assumed deployment exposure; it is not a measured state-year benefit.,Comparable ITS JPO findings used where direct New Jersey benefit/cost values are not available.
New Jersey,2016,BC_Analysis_Default_v1,bc_existing_safety_benefit,Existing Safety Benefit,8500000,Mock_Default,true,State-year model baseline; no matching authorized monetary record verified,Legacy bc_baseline_mock_v1 supported by ITS JPO Benefits/Costs databases,https://www.itskrs.its.dot.gov/benefits,,"Mock_Default value carried forward: $8,500,000.",Retained from bc_baseline_mock_v1. The legacy value modeled annual benefit growth from comparable ITS JPO findings using assumed deployment exposure; it is not a measured state-year benefit.,Traffic incident management; Work-zone ITS and queue warning; Speed management,8500000,Retained from bc_baseline_mock_v1. The legacy value modeled annual benefit growth from comparable ITS JPO findings using assumed deployment exposure; it is not a measured state-year benefit.,Comparable ITS JPO findings used where direct New Jersey benefit/cost values are not available.
New Jersey,2016,BC_Analysis_Default_v1,bc_existing_environment_benefit,Existing Environmental Benefit,590000,Mock_Default,true,State-year model baseline; no matching authorized monetary record verified,Legacy bc_baseline_mock_v1 supported by ITS JPO Benefits/Costs databases,https://www.itskrs.its.dot.gov/benefits,,"Mock_Default value carried forward: $590,000.",Retained from bc_baseline_mock_v1. The legacy value modeled annual benefit growth from comparable ITS JPO findings using assumed deployment exposure; it is not a measured state-year benefit.,Traffic signal control; Ramp metering; Traffic management center operations,590000,Retained from bc_baseline_mock_v1. The legacy value modeled annual benefit growth from comparable ITS JPO findings using assumed deployment exposure; it is not a measured state-year benefit.,Comparable ITS JPO findings used where direct New Jersey benefit/cost values are not available.
New Jersey,2016,BC_Analysis_Default_v1,bc_new_mobility_benefit,New Mobility Benefit,1450000,Mock_Default,true,State-year model baseline; no matching authorized monetary record verified,Legacy bc_baseline_mock_v1 supported by ITS JPO Benefits/Costs databases,https://www.itskrs.its.dot.gov/benefits,,"Mock_Default value carried forward: $1,450,000.",Retained from bc_baseline_mock_v1. The legacy value modeled annual benefit growth from comparable ITS JPO findings using assumed deployment exposure; it is not a measured state-year benefit.,Adaptive traffic signal control; Traveler information systems; Active traffic management,1450000,Retained from bc_baseline_mock_v1. The legacy value modeled annual benefit growth from comparable ITS JPO findings using assumed deployment exposure; it is not a measured state-year benefit.,Comparable ITS JPO findings used where direct New Jersey benefit/cost values are not available.
New Jersey,2016,BC_Analysis_Default_v1,bc_new_safety_benefit,New Safety Benefit,1150000,Mock_Default,true,State-year model baseline; no matching authorized monetary record verified,Legacy bc_baseline_mock_v1 supported by ITS JPO Benefits/Costs databases,https://www.itskrs.its.dot.gov/benefits,,"Mock_Default value carried forward: $1,150,000.",Retained from bc_baseline_mock_v1. The legacy value modeled annual benefit growth from comparable ITS JPO findings using assumed deployment exposure; it is not a measured state-year benefit.,Work-zone ITS and queue warning; Variable speed limits; Emergency vehicle preemption,1150000,Retained from bc_baseline_mock_v1. The legacy value modeled annual benefit growth from comparable ITS JPO findings using assumed deployment exposure; it is not a measured state-year benefit.,Comparable ITS JPO findings used where direct New Jersey benefit/cost values are not available.
New Jersey,2016,BC_Analysis_Default_v1,bc_new_environment_benefit,New Environmental Benefit,102000,Mock_Default,true,State-year model baseline; no matching authorized monetary record verified,Legacy bc_baseline_mock_v1 supported by ITS JPO Benefits/Costs databases,https://www.itskrs.its.dot.gov/benefits,,"Mock_Default value carried forward: $102,000.",Retained from bc_baseline_mock_v1. The legacy value modeled annual benefit growth from comparable ITS JPO findings using assumed deployment exposure; it is not a measured state-year benefit.,Adaptive traffic signal control; Speed harmonization; Connected-vehicle applications,102000,Retained from bc_baseline_mock_v1. The legacy value modeled annual benefit growth from comparable ITS JPO findings using assumed deployment exposure; it is not a measured state-year benefit.,Comparable ITS JPO findings used where direct New Jersey benefit/cost values are not available.
New Jersey,2016,BC_Analysis_Default_v1,bc_existing_om_cost_total,Existing ITS O&M Cost,3264000,Exact_Dataset,false,NJDOT federal authorization line item; partial coverage of statewide ITS activity,NJDOT FY 2016 Annual Obligation Report - Statewide,https://www.nj.gov/transportation/capital/obligation/pdf/2016/statewide.pdf,2016,$3.264 million authorized for the Intelligent Transportation System Resource Center FY 2015-2016 program.,"Used the report's authorized amount for the explicitly identified ITS or traffic-signal program line item. This is an authorization, not a paid expenditure or lifecycle cost.",ITS Resource Center; ITS program support; Technology evaluation,6400000,Retained from bc_baseline_mock_v1. The legacy value scaled ITS JPO sample unit costs and cost ranges using assumed deployment quantities and annual growth; it is not an agency expenditure record.,Exact reported authorization; the source does not claim that this line item is the complete statewide ITS total.
New Jersey,2016,BC_Analysis_Default_v1,bc_new_cost_total,New ITS Deployment Cost,3350000,Mock_Default,true,State-year model baseline; no matching authorized monetary record verified,Legacy bc_baseline_mock_v1 supported by ITS JPO Benefits/Costs databases,https://www.itskrs.its.dot.gov/costs,,"Mock_Default value carried forward: $3,350,000.",Retained from bc_baseline_mock_v1. The legacy value scaled ITS JPO sample unit costs and cost ranges using assumed deployment quantities and annual growth; it is not an agency expenditure record.,Traffic signal systems; Detection and surveillance; Dynamic message signs; Work-zone ITS,3350000,Retained from bc_baseline_mock_v1. The legacy value scaled ITS JPO sample unit costs and cost ranges using assumed deployment quantities and annual growth; it is not an agency expenditure record.,Comparable ITS JPO findings used where direct New Jersey benefit/cost values are not available.
New Jersey,2017,BC_Analysis_Default_v1,bc_existing_mobility_benefit,Existing Mobility Benefit,12000000,Mock_Default,true,State-year model baseline; no matching authorized monetary record verified,Legacy bc_baseline_mock_v1 supported by ITS JPO Benefits/Costs databases,https://www.itskrs.its.dot.gov/benefits,,"Mock_Default value carried forward: $12,000,000.",Retained from bc_baseline_mock_v1. The legacy value modeled annual benefit growth from comparable ITS JPO findings using assumed deployment exposure; it is not a measured state-year benefit.,Traffic signal control; Traffic incident management; Traveler information systems,12000000,Retained from bc_baseline_mock_v1. The legacy value modeled annual benefit growth from comparable ITS JPO findings using assumed deployment exposure; it is not a measured state-year benefit.,Comparable ITS JPO findings used where direct New Jersey benefit/cost values are not available.
New Jersey,2017,BC_Analysis_Default_v1,bc_existing_safety_benefit,Existing Safety Benefit,9200000,Mock_Default,true,State-year model baseline; no matching authorized monetary record verified,Legacy bc_baseline_mock_v1 supported by ITS JPO Benefits/Costs databases,https://www.itskrs.its.dot.gov/benefits,,"Mock_Default value carried forward: $9,200,000.",Retained from bc_baseline_mock_v1. The legacy value modeled annual benefit growth from comparable ITS JPO findings using assumed deployment exposure; it is not a measured state-year benefit.,Traffic incident management; Work-zone ITS and queue warning; Speed management,9200000,Retained from bc_baseline_mock_v1. The legacy value modeled annual benefit growth from comparable ITS JPO findings using assumed deployment exposure; it is not a measured state-year benefit.,Comparable ITS JPO findings used where direct New Jersey benefit/cost values are not available.
New Jersey,2017,BC_Analysis_Default_v1,bc_existing_environment_benefit,Existing Environmental Benefit,650000,Mock_Default,true,State-year model baseline; no matching authorized monetary record verified,Legacy bc_baseline_mock_v1 supported by ITS JPO Benefits/Costs databases,https://www.itskrs.its.dot.gov/benefits,,"Mock_Default value carried forward: $650,000.",Retained from bc_baseline_mock_v1. The legacy value modeled annual benefit growth from comparable ITS JPO findings using assumed deployment exposure; it is not a measured state-year benefit.,Traffic signal control; Ramp metering; Traffic management center operations,650000,Retained from bc_baseline_mock_v1. The legacy value modeled annual benefit growth from comparable ITS JPO findings using assumed deployment exposure; it is not a measured state-year benefit.,Comparable ITS JPO findings used where direct New Jersey benefit/cost values are not available.
New Jersey,2017,BC_Analysis_Default_v1,bc_new_mobility_benefit,New Mobility Benefit,1580000,Mock_Default,true,State-year model baseline; no matching authorized monetary record verified,Legacy bc_baseline_mock_v1 supported by ITS JPO Benefits/Costs databases,https://www.itskrs.its.dot.gov/benefits,,"Mock_Default value carried forward: $1,580,000.",Retained from bc_baseline_mock_v1. The legacy value modeled annual benefit growth from comparable ITS JPO findings using assumed deployment exposure; it is not a measured state-year benefit.,Adaptive traffic signal control; Traveler information systems; Active traffic management,1580000,Retained from bc_baseline_mock_v1. The legacy value modeled annual benefit growth from comparable ITS JPO findings using assumed deployment exposure; it is not a measured state-year benefit.,Comparable ITS JPO findings used where direct New Jersey benefit/cost values are not available.
New Jersey,2017,BC_Analysis_Default_v1,bc_new_safety_benefit,New Safety Benefit,1260000,Mock_Default,true,State-year model baseline; no matching authorized monetary record verified,Legacy bc_baseline_mock_v1 supported by ITS JPO Benefits/Costs databases,https://www.itskrs.its.dot.gov/benefits,,"Mock_Default value carried forward: $1,260,000.",Retained from bc_baseline_mock_v1. The legacy value modeled annual benefit growth from comparable ITS JPO findings using assumed deployment exposure; it is not a measured state-year benefit.,Work-zone ITS and queue warning; Variable speed limits; Emergency vehicle preemption,1260000,Retained from bc_baseline_mock_v1. The legacy value modeled annual benefit growth from comparable ITS JPO findings using assumed deployment exposure; it is not a measured state-year benefit.,Comparable ITS JPO findings used where direct New Jersey benefit/cost values are not available.
New Jersey,2017,BC_Analysis_Default_v1,bc_new_environment_benefit,New Environmental Benefit,114000,Mock_Default,true,State-year model baseline; no matching authorized monetary record verified,Legacy bc_baseline_mock_v1 supported by ITS JPO Benefits/Costs databases,https://www.itskrs.its.dot.gov/benefits,,"Mock_Default value carried forward: $114,000.",Retained from bc_baseline_mock_v1. The legacy value modeled annual benefit growth from comparable ITS JPO findings using assumed deployment exposure; it is not a measured state-year benefit.,Adaptive traffic signal control; Speed harmonization; Connected-vehicle applications,114000,Retained from bc_baseline_mock_v1. The legacy value modeled annual benefit growth from comparable ITS JPO findings using assumed deployment exposure; it is not a measured state-year benefit.,Comparable ITS JPO findings used where direct New Jersey benefit/cost values are not available.
New Jersey,2017,BC_Analysis_Default_v1,bc_existing_om_cost_total,Existing ITS O&M Cost,3471000,Exact_Dataset,false,NJDOT federal authorization line item; partial coverage of statewide ITS activity,NJDOT FY 2017 Annual Obligation Report - Statewide,https://www.nj.gov/transportation/capital/obligation/pdf/2017/statewide.pdf,2017,$3.471 million authorized for the Intelligent Transportation System Resource Center.,"Used the report's authorized amount for the explicitly identified ITS or traffic-signal program line item. This is an authorization, not a paid expenditure or lifecycle cost.",ITS Resource Center; ITS program support; Technology evaluation,6850000,Retained from bc_baseline_mock_v1. The legacy value scaled ITS JPO sample unit costs and cost ranges using assumed deployment quantities and annual growth; it is not an agency expenditure record.,Exact reported authorization; the source does not claim that this line item is the complete statewide ITS total.
New Jersey,2017,BC_Analysis_Default_v1,bc_new_cost_total,New ITS Deployment Cost,3620000,Mock_Default,true,State-year model baseline; no matching authorized monetary record verified,Legacy bc_baseline_mock_v1 supported by ITS JPO Benefits/Costs databases,https://www.itskrs.its.dot.gov/costs,,"Mock_Default value carried forward: $3,620,000.",Retained from bc_baseline_mock_v1. The legacy value scaled ITS JPO sample unit costs and cost ranges using assumed deployment quantities and annual growth; it is not an agency expenditure record.,Traffic signal systems; Detection and surveillance; Dynamic message signs; Work-zone ITS,3620000,Retained from bc_baseline_mock_v1. The legacy value scaled ITS JPO sample unit costs and cost ranges using assumed deployment quantities and annual growth; it is not an agency expenditure record.,Comparable ITS JPO findings used where direct New Jersey benefit/cost values are not available.
New Jersey,2018,BC_Analysis_Default_v1,bc_existing_mobility_benefit,Existing Mobility Benefit,12900000,Mock_Default,true,State-year model baseline; no matching authorized monetary record verified,Legacy bc_baseline_mock_v1 supported by ITS JPO Benefits/Costs databases,https://www.itskrs.its.dot.gov/benefits,,"Mock_Default value carried forward: $12,900,000.",Retained from bc_baseline_mock_v1. The legacy value modeled annual benefit growth from comparable ITS JPO findings using assumed deployment exposure; it is not a measured state-year benefit.,Traffic signal control; Traffic incident management; Traveler information systems,12900000,Retained from bc_baseline_mock_v1. The legacy value modeled annual benefit growth from comparable ITS JPO findings using assumed deployment exposure; it is not a measured state-year benefit.,New deployments include active traffic management and smart work-zone comparable effects.
New Jersey,2018,BC_Analysis_Default_v1,bc_existing_safety_benefit,Existing Safety Benefit,9950000,Mock_Default,true,State-year model baseline; no matching authorized monetary record verified,Legacy bc_baseline_mock_v1 supported by ITS JPO Benefits/Costs databases,https://www.itskrs.its.dot.gov/benefits,,"Mock_Default value carried forward: $9,950,000.",Retained from bc_baseline_mock_v1. The legacy value modeled annual benefit growth from comparable ITS JPO findings using assumed deployment exposure; it is not a measured state-year benefit.,Traffic incident management; Work-zone ITS and queue warning; Speed management,9950000,Retained from bc_baseline_mock_v1. The legacy value modeled annual benefit growth from comparable ITS JPO findings using assumed deployment exposure; it is not a measured state-year benefit.,New deployments include active traffic management and smart work-zone comparable effects.
New Jersey,2018,BC_Analysis_Default_v1,bc_existing_environment_benefit,Existing Environmental Benefit,710000,Mock_Default,true,State-year model baseline; no matching authorized monetary record verified,Legacy bc_baseline_mock_v1 supported by ITS JPO Benefits/Costs databases,https://www.itskrs.its.dot.gov/benefits,,"Mock_Default value carried forward: $710,000.",Retained from bc_baseline_mock_v1. The legacy value modeled annual benefit growth from comparable ITS JPO findings using assumed deployment exposure; it is not a measured state-year benefit.,Traffic signal control; Ramp metering; Traffic management center operations,710000,Retained from bc_baseline_mock_v1. The legacy value modeled annual benefit growth from comparable ITS JPO findings using assumed deployment exposure; it is not a measured state-year benefit.,New deployments include active traffic management and smart work-zone comparable effects.
New Jersey,2018,BC_Analysis_Default_v1,bc_new_mobility_benefit,New Mobility Benefit,1730000,Mock_Default,true,State-year model baseline; no matching authorized monetary record verified,Legacy bc_baseline_mock_v1 supported by ITS JPO Benefits/Costs databases,https://www.itskrs.its.dot.gov/benefits,,"Mock_Default value carried forward: $1,730,000.",Retained from bc_baseline_mock_v1. The legacy value modeled annual benefit growth from comparable ITS JPO findings using assumed deployment exposure; it is not a measured state-year benefit.,Adaptive traffic signal control; Traveler information systems; Active traffic management,1730000,Retained from bc_baseline_mock_v1. The legacy value modeled annual benefit growth from comparable ITS JPO findings using assumed deployment exposure; it is not a measured state-year benefit.,New deployments include active traffic management and smart work-zone comparable effects.
New Jersey,2018,BC_Analysis_Default_v1,bc_new_safety_benefit,New Safety Benefit,1380000,Mock_Default,true,State-year model baseline; no matching authorized monetary record verified,Legacy bc_baseline_mock_v1 supported by ITS JPO Benefits/Costs databases,https://www.itskrs.its.dot.gov/benefits,,"Mock_Default value carried forward: $1,380,000.",Retained from bc_baseline_mock_v1. The legacy value modeled annual benefit growth from comparable ITS JPO findings using assumed deployment exposure; it is not a measured state-year benefit.,Work-zone ITS and queue warning; Variable speed limits; Emergency vehicle preemption,1380000,Retained from bc_baseline_mock_v1. The legacy value modeled annual benefit growth from comparable ITS JPO findings using assumed deployment exposure; it is not a measured state-year benefit.,New deployments include active traffic management and smart work-zone comparable effects.
New Jersey,2018,BC_Analysis_Default_v1,bc_new_environment_benefit,New Environmental Benefit,127000,Mock_Default,true,State-year model baseline; no matching authorized monetary record verified,Legacy bc_baseline_mock_v1 supported by ITS JPO Benefits/Costs databases,https://www.itskrs.its.dot.gov/benefits,,"Mock_Default value carried forward: $127,000.",Retained from bc_baseline_mock_v1. The legacy value modeled annual benefit growth from comparable ITS JPO findings using assumed deployment exposure; it is not a measured state-year benefit.,Adaptive traffic signal control; Speed harmonization; Connected-vehicle applications,127000,Retained from bc_baseline_mock_v1. The legacy value modeled annual benefit growth from comparable ITS JPO findings using assumed deployment exposure; it is not a measured state-year benefit.,New deployments include active traffic management and smart work-zone comparable effects.
New Jersey,2018,BC_Analysis_Default_v1,bc_existing_om_cost_total,Existing ITS O&M Cost,3694000,Exact_Dataset,false,NJDOT federal authorization line item; partial coverage of statewide ITS activity,NJDOT FY 2018 Annual Obligation Report - Statewide,https://www.nj.gov/transportation/capital/obligation/pdf/2018/statewide.pdf,2018,$3.694 million authorized for the Intelligent Transportation System Resource Center.,"Used the report's authorized amount for the explicitly identified ITS or traffic-signal program line item. This is an authorization, not a paid expenditure or lifecycle cost.",ITS Resource Center; ITS program support; Technology evaluation,7300000,Retained from bc_baseline_mock_v1. The legacy value scaled ITS JPO sample unit costs and cost ranges using assumed deployment quantities and annual growth; it is not an agency expenditure record.,Exact reported authorization; the source does not claim that this line item is the complete statewide ITS total.
New Jersey,2018,BC_Analysis_Default_v1,bc_new_cost_total,New ITS Deployment Cost,9301000,Exact_Dataset,false,NJDOT federal authorization line item; partial coverage of statewide ITS activity,NJDOT FY 2018 Annual Obligation Report - Statewide,https://www.nj.gov/transportation/capital/obligation/pdf/2018/statewide.pdf,2018,$9.301 million authorized for Intelligent Traffic Signal Systems (DB #15343).,"Used the report's authorized amount for the explicitly identified ITS or traffic-signal program line item. This is an authorization, not a paid expenditure or lifecycle cost.",Intelligent traffic signal systems; Traffic signal optimization; Adaptive traffic signal control,3900000,Retained from bc_baseline_mock_v1. The legacy value scaled ITS JPO sample unit costs and cost ranges using assumed deployment quantities and annual growth; it is not an agency expenditure record.,Exact reported authorization; the source does not claim that this line item is the complete statewide ITS total.
New Jersey,2019,BC_Analysis_Default_v1,bc_existing_mobility_benefit,Existing Mobility Benefit,13900000,Mock_Default,true,State-year model baseline; no matching authorized monetary record verified,Legacy bc_baseline_mock_v1 supported by ITS JPO Benefits/Costs databases,https://www.itskrs.its.dot.gov/benefits,,"Mock_Default value carried forward: $13,900,000.",Retained from bc_baseline_mock_v1. The legacy value modeled annual benefit growth from comparable ITS JPO findings using assumed deployment exposure; it is not a measured state-year benefit.,Traffic signal control; Traffic incident management; Traveler information systems,13900000,Retained from bc_baseline_mock_v1. The legacy value modeled annual benefit growth from comparable ITS JPO findings using assumed deployment exposure; it is not a measured state-year benefit.,New deployments include active traffic management and smart work-zone comparable effects.
New Jersey,2019,BC_Analysis_Default_v1,bc_existing_safety_benefit,Existing Safety Benefit,10700000,Mock_Default,true,State-year model baseline; no matching authorized monetary record verified,Legacy bc_baseline_mock_v1 supported by ITS JPO Benefits/Costs databases,https://www.itskrs.its.dot.gov/benefits,,"Mock_Default value carried forward: $10,700,000.",Retained from bc_baseline_mock_v1. The legacy value modeled annual benefit growth from comparable ITS JPO findings using assumed deployment exposure; it is not a measured state-year benefit.,Traffic incident management; Work-zone ITS and queue warning; Speed management,10700000,Retained from bc_baseline_mock_v1. The legacy value modeled annual benefit growth from comparable ITS JPO findings using assumed deployment exposure; it is not a measured state-year benefit.,New deployments include active traffic management and smart work-zone comparable effects.
New Jersey,2019,BC_Analysis_Default_v1,bc_existing_environment_benefit,Existing Environmental Benefit,780000,Mock_Default,true,State-year model baseline; no matching authorized monetary record verified,Legacy bc_baseline_mock_v1 supported by ITS JPO Benefits/Costs databases,https://www.itskrs.its.dot.gov/benefits,,"Mock_Default value carried forward: $780,000.",Retained from bc_baseline_mock_v1. The legacy value modeled annual benefit growth from comparable ITS JPO findings using assumed deployment exposure; it is not a measured state-year benefit.,Traffic signal control; Ramp metering; Traffic management center operations,780000,Retained from bc_baseline_mock_v1. The legacy value modeled annual benefit growth from comparable ITS JPO findings using assumed deployment exposure; it is not a measured state-year benefit.,New deployments include active traffic management and smart work-zone comparable effects.
New Jersey,2019,BC_Analysis_Default_v1,bc_new_mobility_benefit,New Mobility Benefit,1880000,Mock_Default,true,State-year model baseline; no matching authorized monetary record verified,Legacy bc_baseline_mock_v1 supported by ITS JPO Benefits/Costs databases,https://www.itskrs.its.dot.gov/benefits,,"Mock_Default value carried forward: $1,880,000.",Retained from bc_baseline_mock_v1. The legacy value modeled annual benefit growth from comparable ITS JPO findings using assumed deployment exposure; it is not a measured state-year benefit.,Adaptive traffic signal control; Traveler information systems; Active traffic management,1880000,Retained from bc_baseline_mock_v1. The legacy value modeled annual benefit growth from comparable ITS JPO findings using assumed deployment exposure; it is not a measured state-year benefit.,New deployments include active traffic management and smart work-zone comparable effects.
New Jersey,2019,BC_Analysis_Default_v1,bc_new_safety_benefit,New Safety Benefit,1510000,Mock_Default,true,State-year model baseline; no matching authorized monetary record verified,Legacy bc_baseline_mock_v1 supported by ITS JPO Benefits/Costs databases,https://www.itskrs.its.dot.gov/benefits,,"Mock_Default value carried forward: $1,510,000.",Retained from bc_baseline_mock_v1. The legacy value modeled annual benefit growth from comparable ITS JPO findings using assumed deployment exposure; it is not a measured state-year benefit.,Work-zone ITS and queue warning; Variable speed limits; Emergency vehicle preemption,1510000,Retained from bc_baseline_mock_v1. The legacy value modeled annual benefit growth from comparable ITS JPO findings using assumed deployment exposure; it is not a measured state-year benefit.,New deployments include active traffic management and smart work-zone comparable effects.
New Jersey,2019,BC_Analysis_Default_v1,bc_new_environment_benefit,New Environmental Benefit,141000,Mock_Default,true,State-year model baseline; no matching authorized monetary record verified,Legacy bc_baseline_mock_v1 supported by ITS JPO Benefits/Costs databases,https://www.itskrs.its.dot.gov/benefits,,"Mock_Default value carried forward: $141,000.",Retained from bc_baseline_mock_v1. The legacy value modeled annual benefit growth from comparable ITS JPO findings using assumed deployment exposure; it is not a measured state-year benefit.,Adaptive traffic signal control; Speed harmonization; Connected-vehicle applications,141000,Retained from bc_baseline_mock_v1. The legacy value modeled annual benefit growth from comparable ITS JPO findings using assumed deployment exposure; it is not a measured state-year benefit.,New deployments include active traffic management and smart work-zone comparable effects.
New Jersey,2019,BC_Analysis_Default_v1,bc_existing_om_cost_total,Existing ITS O&M Cost,3836000,Exact_Dataset,false,NJDOT federal authorization line item; partial coverage of statewide ITS activity,NJDOT FY 2019 Annual Obligation Report - Statewide,https://www.nj.gov/transportation/capital/obligation/pdf/2019/statewide.pdf,2019,$3.836 million authorized for the Intelligent Transportation System Resource Center.,"Used the report's authorized amount for the explicitly identified ITS or traffic-signal program line item. This is an authorization, not a paid expenditure or lifecycle cost.",ITS Resource Center; ITS program support; Technology evaluation,7800000,Retained from bc_baseline_mock_v1. The legacy value scaled ITS JPO sample unit costs and cost ranges using assumed deployment quantities and annual growth; it is not an agency expenditure record.,Exact reported authorization; the source does not claim that this line item is the complete statewide ITS total.
New Jersey,2019,BC_Analysis_Default_v1,bc_new_cost_total,New ITS Deployment Cost,18022000,Exact_Dataset,false,NJDOT federal authorization line item; partial coverage of statewide ITS activity,NJDOT FY 2019 Annual Obligation Report - Statewide,https://www.nj.gov/transportation/capital/obligation/pdf/2019/statewide.pdf,2019,$18.022 million authorized for Intelligent Traffic Signal Systems (DB #15343).,"Used the report's authorized amount for the explicitly identified ITS or traffic-signal program line item. This is an authorization, not a paid expenditure or lifecycle cost.",Intelligent traffic signal systems; Adaptive traffic signal control; Arterial mobility management,4200000,Retained from bc_baseline_mock_v1. The legacy value scaled ITS JPO sample unit costs and cost ranges using assumed deployment quantities and annual growth; it is not an agency expenditure record.,Exact reported authorization; the source does not claim that this line item is the complete statewide ITS total.
New Jersey,2020,BC_Analysis_Default_v1,bc_existing_mobility_benefit,Existing Mobility Benefit,14900000,Mock_Default,true,State-year model baseline; no matching authorized monetary record verified,Legacy bc_baseline_mock_v1 supported by ITS JPO Benefits/Costs databases,https://www.itskrs.its.dot.gov/benefits,,"Mock_Default value carried forward: $14,900,000.",Retained from bc_baseline_mock_v1. The legacy value modeled annual benefit growth from comparable ITS JPO findings using assumed deployment exposure; it is not a measured state-year benefit.,Traffic signal control; Traffic incident management; Traveler information systems,14900000,Retained from bc_baseline_mock_v1. The legacy value modeled annual benefit growth from comparable ITS JPO findings using assumed deployment exposure; it is not a measured state-year benefit.,Work-zone and traffic management comparable benefits applied to recent period.
New Jersey,2020,BC_Analysis_Default_v1,bc_existing_safety_benefit,Existing Safety Benefit,11500000,Mock_Default,true,State-year model baseline; no matching authorized monetary record verified,Legacy bc_baseline_mock_v1 supported by ITS JPO Benefits/Costs databases,https://www.itskrs.its.dot.gov/benefits,,"Mock_Default value carried forward: $11,500,000.",Retained from bc_baseline_mock_v1. The legacy value modeled annual benefit growth from comparable ITS JPO findings using assumed deployment exposure; it is not a measured state-year benefit.,Traffic incident management; Work-zone ITS and queue warning; Speed management,11500000,Retained from bc_baseline_mock_v1. The legacy value modeled annual benefit growth from comparable ITS JPO findings using assumed deployment exposure; it is not a measured state-year benefit.,Work-zone and traffic management comparable benefits applied to recent period.
New Jersey,2020,BC_Analysis_Default_v1,bc_existing_environment_benefit,Existing Environmental Benefit,850000,Mock_Default,true,State-year model baseline; no matching authorized monetary record verified,Legacy bc_baseline_mock_v1 supported by ITS JPO Benefits/Costs databases,https://www.itskrs.its.dot.gov/benefits,,"Mock_Default value carried forward: $850,000.",Retained from bc_baseline_mock_v1. The legacy value modeled annual benefit growth from comparable ITS JPO findings using assumed deployment exposure; it is not a measured state-year benefit.,Traffic signal control; Ramp metering; Traffic management center operations,850000,Retained from bc_baseline_mock_v1. The legacy value modeled annual benefit growth from comparable ITS JPO findings using assumed deployment exposure; it is not a measured state-year benefit.,Work-zone and traffic management comparable benefits applied to recent period.
New Jersey,2020,BC_Analysis_Default_v1,bc_new_mobility_benefit,New Mobility Benefit,2050000,Mock_Default,true,State-year model baseline; no matching authorized monetary record verified,Legacy bc_baseline_mock_v1 supported by ITS JPO Benefits/Costs databases,https://www.itskrs.its.dot.gov/benefits,,"Mock_Default value carried forward: $2,050,000.",Retained from bc_baseline_mock_v1. The legacy value modeled annual benefit growth from comparable ITS JPO findings using assumed deployment exposure; it is not a measured state-year benefit.,Adaptive traffic signal control; Traveler information systems; Active traffic management,2050000,Retained from bc_baseline_mock_v1. The legacy value modeled annual benefit growth from comparable ITS JPO findings using assumed deployment exposure; it is not a measured state-year benefit.,Work-zone and traffic management comparable benefits applied to recent period.
New Jersey,2020,BC_Analysis_Default_v1,bc_new_safety_benefit,New Safety Benefit,1650000,Mock_Default,true,State-year model baseline; no matching authorized monetary record verified,Legacy bc_baseline_mock_v1 supported by ITS JPO Benefits/Costs databases,https://www.itskrs.its.dot.gov/benefits,,"Mock_Default value carried forward: $1,650,000.",Retained from bc_baseline_mock_v1. The legacy value modeled annual benefit growth from comparable ITS JPO findings using assumed deployment exposure; it is not a measured state-year benefit.,Work-zone ITS and queue warning; Variable speed limits; Emergency vehicle preemption,1650000,Retained from bc_baseline_mock_v1. The legacy value modeled annual benefit growth from comparable ITS JPO findings using assumed deployment exposure; it is not a measured state-year benefit.,Work-zone and traffic management comparable benefits applied to recent period.
New Jersey,2020,BC_Analysis_Default_v1,bc_new_environment_benefit,New Environmental Benefit,155000,Mock_Default,true,State-year model baseline; no matching authorized monetary record verified,Legacy bc_baseline_mock_v1 supported by ITS JPO Benefits/Costs databases,https://www.itskrs.its.dot.gov/benefits,,"Mock_Default value carried forward: $155,000.",Retained from bc_baseline_mock_v1. The legacy value modeled annual benefit growth from comparable ITS JPO findings using assumed deployment exposure; it is not a measured state-year benefit.,Adaptive traffic signal control; Speed harmonization; Connected-vehicle applications,155000,Retained from bc_baseline_mock_v1. The legacy value modeled annual benefit growth from comparable ITS JPO findings using assumed deployment exposure; it is not a measured state-year benefit.,Work-zone and traffic management comparable benefits applied to recent period.
New Jersey,2020,BC_Analysis_Default_v1,bc_existing_om_cost_total,Existing ITS O&M Cost,3665000,Exact_Dataset,false,NJDOT federal authorization line item; partial coverage of statewide ITS activity,NJDOT FY 2020 Annual Obligation Report - Statewide,https://www.nj.gov/transportation/capital/obligation/pdf/2020/statewide.pdf,2020,$3.665 million authorized for the Intelligent Transportation System Resource Center.,"Used the report's authorized amount for the explicitly identified ITS or traffic-signal program line item. This is an authorization, not a paid expenditure or lifecycle cost.",ITS Resource Center; ITS program support; Technology evaluation,8300000,Retained from bc_baseline_mock_v1. The legacy value scaled ITS JPO sample unit costs and cost ranges using assumed deployment quantities and annual growth; it is not an agency expenditure record.,Exact reported authorization; the source does not claim that this line item is the complete statewide ITS total.
New Jersey,2020,BC_Analysis_Default_v1,bc_new_cost_total,New ITS Deployment Cost,20777000,Exact_Dataset,false,NJDOT federal authorization line item; partial coverage of statewide ITS activity,NJDOT FY 2020 Annual Obligation Report - Statewide,https://www.nj.gov/transportation/capital/obligation/pdf/2020/statewide.pdf,2020,$20.777 million authorized for Intelligent Traffic Signal Systems (DB #15343).,"Used the report's authorized amount for the explicitly identified ITS or traffic-signal program line item. This is an authorization, not a paid expenditure or lifecycle cost.",Intelligent traffic signal systems; Adaptive traffic signal control; Arterial management,4500000,Retained from bc_baseline_mock_v1. The legacy value scaled ITS JPO sample unit costs and cost ranges using assumed deployment quantities and annual growth; it is not an agency expenditure record.,Exact reported authorization; the source does not claim that this line item is the complete statewide ITS total.
New Jersey,2021,BC_Analysis_Default_v1,bc_existing_mobility_benefit,Existing Mobility Benefit,16000000,Mock_Default,true,State-year model baseline; no matching authorized monetary record verified,Legacy bc_baseline_mock_v1 supported by ITS JPO Benefits/Costs databases,https://www.itskrs.its.dot.gov/benefits,,"Mock_Default value carried forward: $16,000,000.",Retained from bc_baseline_mock_v1. The legacy value modeled annual benefit growth from comparable ITS JPO findings using assumed deployment exposure; it is not a measured state-year benefit.,Traffic signal control; Traffic incident management; Traveler information systems,16000000,Retained from bc_baseline_mock_v1. The legacy value modeled annual benefit growth from comparable ITS JPO findings using assumed deployment exposure; it is not a measured state-year benefit.,Work-zone and traffic management comparable benefits applied to recent period.
New Jersey,2021,BC_Analysis_Default_v1,bc_existing_safety_benefit,Existing Safety Benefit,12400000,Mock_Default,true,State-year model baseline; no matching authorized monetary record verified,Legacy bc_baseline_mock_v1 supported by ITS JPO Benefits/Costs databases,https://www.itskrs.its.dot.gov/benefits,,"Mock_Default value carried forward: $12,400,000.",Retained from bc_baseline_mock_v1. The legacy value modeled annual benefit growth from comparable ITS JPO findings using assumed deployment exposure; it is not a measured state-year benefit.,Traffic incident management; Work-zone ITS and queue warning; Speed management,12400000,Retained from bc_baseline_mock_v1. The legacy value modeled annual benefit growth from comparable ITS JPO findings using assumed deployment exposure; it is not a measured state-year benefit.,Work-zone and traffic management comparable benefits applied to recent period.
New Jersey,2021,BC_Analysis_Default_v1,bc_existing_environment_benefit,Existing Environmental Benefit,930000,Mock_Default,true,State-year model baseline; no matching authorized monetary record verified,Legacy bc_baseline_mock_v1 supported by ITS JPO Benefits/Costs databases,https://www.itskrs.its.dot.gov/benefits,,"Mock_Default value carried forward: $930,000.",Retained from bc_baseline_mock_v1. The legacy value modeled annual benefit growth from comparable ITS JPO findings using assumed deployment exposure; it is not a measured state-year benefit.,Traffic signal control; Ramp metering; Traffic management center operations,930000,Retained from bc_baseline_mock_v1. The legacy value modeled annual benefit growth from comparable ITS JPO findings using assumed deployment exposure; it is not a measured state-year benefit.,Work-zone and traffic management comparable benefits applied to recent period.
New Jersey,2021,BC_Analysis_Default_v1,bc_new_mobility_benefit,New Mobility Benefit,2250000,Mock_Default,true,State-year model baseline; no matching authorized monetary record verified,Legacy bc_baseline_mock_v1 supported by ITS JPO Benefits/Costs databases,https://www.itskrs.its.dot.gov/benefits,,"Mock_Default value carried forward: $2,250,000.",Retained from bc_baseline_mock_v1. The legacy value modeled annual benefit growth from comparable ITS JPO findings using assumed deployment exposure; it is not a measured state-year benefit.,Adaptive traffic signal control; Traveler information systems; Active traffic management,2250000,Retained from bc_baseline_mock_v1. The legacy value modeled annual benefit growth from comparable ITS JPO findings using assumed deployment exposure; it is not a measured state-year benefit.,Work-zone and traffic management comparable benefits applied to recent period.
New Jersey,2021,BC_Analysis_Default_v1,bc_new_safety_benefit,New Safety Benefit,1810000,Mock_Default,true,State-year model baseline; no matching authorized monetary record verified,Legacy bc_baseline_mock_v1 supported by ITS JPO Benefits/Costs databases,https://www.itskrs.its.dot.gov/benefits,,"Mock_Default value carried forward: $1,810,000.",Retained from bc_baseline_mock_v1. The legacy value modeled annual benefit growth from comparable ITS JPO findings using assumed deployment exposure; it is not a measured state-year benefit.,Work-zone ITS and queue warning; Variable speed limits; Emergency vehicle preemption,1810000,Retained from bc_baseline_mock_v1. The legacy value modeled annual benefit growth from comparable ITS JPO findings using assumed deployment exposure; it is not a measured state-year benefit.,Work-zone and traffic management comparable benefits applied to recent period.
New Jersey,2021,BC_Analysis_Default_v1,bc_new_environment_benefit,New Environmental Benefit,171000,Mock_Default,true,State-year model baseline; no matching authorized monetary record verified,Legacy bc_baseline_mock_v1 supported by ITS JPO Benefits/Costs databases,https://www.itskrs.its.dot.gov/benefits,,"Mock_Default value carried forward: $171,000.",Retained from bc_baseline_mock_v1. The legacy value modeled annual benefit growth from comparable ITS JPO findings using assumed deployment exposure; it is not a measured state-year benefit.,Adaptive traffic signal control; Speed harmonization; Connected-vehicle applications,171000,Retained from bc_baseline_mock_v1. The legacy value modeled annual benefit growth from comparable ITS JPO findings using assumed deployment exposure; it is not a measured state-year benefit.,Work-zone and traffic management comparable benefits applied to recent period.
New Jersey,2021,BC_Analysis_Default_v1,bc_existing_om_cost_total,Existing ITS O&M Cost,3503000,Exact_Dataset,false,NJDOT federal authorization line item; partial coverage of statewide ITS activity,NJDOT FY 2021 Annual Obligation Report - Statewide,https://www.nj.gov/transportation/capital/obligation/pdf/2021/statewide.pdf,2021,$3.503 million authorized for the Intelligent Transportation System Resource Center.,"Used the report's authorized amount for the explicitly identified ITS or traffic-signal program line item. This is an authorization, not a paid expenditure or lifecycle cost.",ITS Resource Center; ITS program support; Technology evaluation,8700000,Retained from bc_baseline_mock_v1. The legacy value scaled ITS JPO sample unit costs and cost ranges using assumed deployment quantities and annual growth; it is not an agency expenditure record.,Exact reported authorization; the source does not claim that this line item is the complete statewide ITS total.
New Jersey,2021,BC_Analysis_Default_v1,bc_new_cost_total,New ITS Deployment Cost,6718000,Exact_Dataset,false,NJDOT federal authorization line item; partial coverage of statewide ITS activity,NJDOT FY 2021 Annual Obligation Report - Statewide,https://www.nj.gov/transportation/capital/obligation/pdf/2021/statewide.pdf,2021,$6.718 million authorized for Intelligent Traffic Signal Systems (DB #15343).,"Used the report's authorized amount for the explicitly identified ITS or traffic-signal program line item. This is an authorization, not a paid expenditure or lifecycle cost.",Intelligent traffic signal systems; Adaptive traffic signal control; Arterial management,4850000,Retained from bc_baseline_mock_v1. The legacy value scaled ITS JPO sample unit costs and cost ranges using assumed deployment quantities and annual growth; it is not an agency expenditure record.,Exact reported authorization; the source does not claim that this line item is the complete statewide ITS total.
New Jersey,2022,BC_Analysis_Default_v1,bc_existing_mobility_benefit,Existing Mobility Benefit,17200000,Mock_Default,true,State-year model baseline; no matching authorized monetary record verified,Legacy bc_baseline_mock_v1 supported by ITS JPO Benefits/Costs databases,https://www.itskrs.its.dot.gov/benefits,,"Mock_Default value carried forward: $17,200,000.",Retained from bc_baseline_mock_v1. The legacy value modeled annual benefit growth from comparable ITS JPO findings using assumed deployment exposure; it is not a measured state-year benefit.,Traffic signal control; Traffic incident management; Traveler information systems,17200000,Retained from bc_baseline_mock_v1. The legacy value modeled annual benefit growth from comparable ITS JPO findings using assumed deployment exposure; it is not a measured state-year benefit.,Work-zone and traffic management comparable benefits applied to recent period.
New Jersey,2022,BC_Analysis_Default_v1,bc_existing_safety_benefit,Existing Safety Benefit,13300000,Mock_Default,true,State-year model baseline; no matching authorized monetary record verified,Legacy bc_baseline_mock_v1 supported by ITS JPO Benefits/Costs databases,https://www.itskrs.its.dot.gov/benefits,,"Mock_Default value carried forward: $13,300,000.",Retained from bc_baseline_mock_v1. The legacy value modeled annual benefit growth from comparable ITS JPO findings using assumed deployment exposure; it is not a measured state-year benefit.,Traffic incident management; Work-zone ITS and queue warning; Speed management,13300000,Retained from bc_baseline_mock_v1. The legacy value modeled annual benefit growth from comparable ITS JPO findings using assumed deployment exposure; it is not a measured state-year benefit.,Work-zone and traffic management comparable benefits applied to recent period.
New Jersey,2022,BC_Analysis_Default_v1,bc_existing_environment_benefit,Existing Environmental Benefit,1010000,Mock_Default,true,State-year model baseline; no matching authorized monetary record verified,Legacy bc_baseline_mock_v1 supported by ITS JPO Benefits/Costs databases,https://www.itskrs.its.dot.gov/benefits,,"Mock_Default value carried forward: $1,010,000.",Retained from bc_baseline_mock_v1. The legacy value modeled annual benefit growth from comparable ITS JPO findings using assumed deployment exposure; it is not a measured state-year benefit.,Traffic signal control; Ramp metering; Traffic management center operations,1010000,Retained from bc_baseline_mock_v1. The legacy value modeled annual benefit growth from comparable ITS JPO findings using assumed deployment exposure; it is not a measured state-year benefit.,Work-zone and traffic management comparable benefits applied to recent period.
New Jersey,2022,BC_Analysis_Default_v1,bc_new_mobility_benefit,New Mobility Benefit,2550000,Mock_Default,true,State-year model baseline; no matching authorized monetary record verified,Legacy bc_baseline_mock_v1 supported by ITS JPO Benefits/Costs databases,https://www.itskrs.its.dot.gov/benefits,,"Mock_Default value carried forward: $2,550,000.",Retained from bc_baseline_mock_v1. The legacy value modeled annual benefit growth from comparable ITS JPO findings using assumed deployment exposure; it is not a measured state-year benefit.,Adaptive traffic signal control; Traveler information systems; Active traffic management,2550000,Retained from bc_baseline_mock_v1. The legacy value modeled annual benefit growth from comparable ITS JPO findings using assumed deployment exposure; it is not a measured state-year benefit.,Work-zone and traffic management comparable benefits applied to recent period.
New Jersey,2022,BC_Analysis_Default_v1,bc_new_safety_benefit,New Safety Benefit,1980000,Mock_Default,true,State-year model baseline; no matching authorized monetary record verified,Legacy bc_baseline_mock_v1 supported by ITS JPO Benefits/Costs databases,https://www.itskrs.its.dot.gov/benefits,,"Mock_Default value carried forward: $1,980,000.",Retained from bc_baseline_mock_v1. The legacy value modeled annual benefit growth from comparable ITS JPO findings using assumed deployment exposure; it is not a measured state-year benefit.,Work-zone ITS and queue warning; Variable speed limits; Emergency vehicle preemption,1980000,Retained from bc_baseline_mock_v1. The legacy value modeled annual benefit growth from comparable ITS JPO findings using assumed deployment exposure; it is not a measured state-year benefit.,Work-zone and traffic management comparable benefits applied to recent period.
New Jersey,2022,BC_Analysis_Default_v1,bc_new_environment_benefit,New Environmental Benefit,187000,Mock_Default,true,State-year model baseline; no matching authorized monetary record verified,Legacy bc_baseline_mock_v1 supported by ITS JPO Benefits/Costs databases,https://www.itskrs.its.dot.gov/benefits,,"Mock_Default value carried forward: $187,000.",Retained from bc_baseline_mock_v1. The legacy value modeled annual benefit growth from comparable ITS JPO findings using assumed deployment exposure; it is not a measured state-year benefit.,Adaptive traffic signal control; Speed harmonization; Connected-vehicle applications,187000,Retained from bc_baseline_mock_v1. The legacy value modeled annual benefit growth from comparable ITS JPO findings using assumed deployment exposure; it is not a measured state-year benefit.,Work-zone and traffic management comparable benefits applied to recent period.
New Jersey,2022,BC_Analysis_Default_v1,bc_existing_om_cost_total,Existing ITS O&M Cost,3485000,Exact_Dataset,false,NJDOT federal authorization line item; partial coverage of statewide ITS activity,NJDOT FY 2022 Annual Obligation Report - Statewide,https://www.nj.gov/transportation/capital/obligation/pdf/2022/statewide.pdf,2022,$3.485 million authorized for the Intelligent Transportation System Resource Center.,"Used the report's authorized amount for the explicitly identified ITS or traffic-signal program line item. This is an authorization, not a paid expenditure or lifecycle cost.",ITS Resource Center; ITS program support; Technology evaluation,8950000,Retained from bc_baseline_mock_v1. The legacy value scaled ITS JPO sample unit costs and cost ranges using assumed deployment quantities and annual growth; it is not an agency expenditure record.,Exact reported authorization; the source does not claim that this line item is the complete statewide ITS total.
New Jersey,2022,BC_Analysis_Default_v1,bc_new_cost_total,New ITS Deployment Cost,5150000,Mock_Default,true,State-year model baseline; no matching authorized monetary record verified,Legacy bc_baseline_mock_v1 supported by ITS JPO Benefits/Costs databases,https://www.itskrs.its.dot.gov/costs,,"Mock_Default value carried forward: $5,150,000.",Retained from bc_baseline_mock_v1. The legacy value scaled ITS JPO sample unit costs and cost ranges using assumed deployment quantities and annual growth; it is not an agency expenditure record.,Traffic signal systems; Detection and surveillance; Dynamic message signs; Work-zone ITS,5150000,Retained from bc_baseline_mock_v1. The legacy value scaled ITS JPO sample unit costs and cost ranges using assumed deployment quantities and annual growth; it is not an agency expenditure record.,Work-zone and traffic management comparable benefits applied to recent period.
New Jersey,2023,BC_Analysis_Default_v1,bc_existing_mobility_benefit,Existing Mobility Benefit,18000000,Mock_Default,true,State-year model baseline; no matching authorized monetary record verified,Legacy bc_baseline_mock_v1 supported by ITS JPO Benefits/Costs databases,https://www.itskrs.its.dot.gov/benefits,,"Mock_Default value carried forward: $18,000,000.",Retained from bc_baseline_mock_v1. The legacy value modeled annual benefit growth from comparable ITS JPO findings using assumed deployment exposure; it is not a measured state-year benefit.,Traffic signal control; Traffic incident management; Traveler information systems,18000000,Retained from bc_baseline_mock_v1. The legacy value modeled annual benefit growth from comparable ITS JPO findings using assumed deployment exposure; it is not a measured state-year benefit.,Current-year mock default; replace with agency budget records and local before-after studies when available.
New Jersey,2023,BC_Analysis_Default_v1,bc_existing_safety_benefit,Existing Safety Benefit,13500000,Mock_Default,true,State-year model baseline; no matching authorized monetary record verified,Legacy bc_baseline_mock_v1 supported by ITS JPO Benefits/Costs databases,https://www.itskrs.its.dot.gov/benefits,,"Mock_Default value carried forward: $13,500,000.",Retained from bc_baseline_mock_v1. The legacy value modeled annual benefit growth from comparable ITS JPO findings using assumed deployment exposure; it is not a measured state-year benefit.,Traffic incident management; Work-zone ITS and queue warning; Speed management,13500000,Retained from bc_baseline_mock_v1. The legacy value modeled annual benefit growth from comparable ITS JPO findings using assumed deployment exposure; it is not a measured state-year benefit.,Current-year mock default; replace with agency budget records and local before-after studies when available.
New Jersey,2023,BC_Analysis_Default_v1,bc_existing_environment_benefit,Existing Environmental Benefit,900000,Mock_Default,true,State-year model baseline; no matching authorized monetary record verified,Legacy bc_baseline_mock_v1 supported by ITS JPO Benefits/Costs databases,https://www.itskrs.its.dot.gov/benefits,,"Mock_Default value carried forward: $900,000.",Retained from bc_baseline_mock_v1. The legacy value modeled annual benefit growth from comparable ITS JPO findings using assumed deployment exposure; it is not a measured state-year benefit.,Traffic signal control; Ramp metering; Traffic management center operations,900000,Retained from bc_baseline_mock_v1. The legacy value modeled annual benefit growth from comparable ITS JPO findings using assumed deployment exposure; it is not a measured state-year benefit.,Current-year mock default; replace with agency budget records and local before-after studies when available.
New Jersey,2023,BC_Analysis_Default_v1,bc_new_mobility_benefit,New Mobility Benefit,2900000,Mock_Default,true,State-year model baseline; no matching authorized monetary record verified,Legacy bc_baseline_mock_v1 supported by ITS JPO Benefits/Costs databases,https://www.itskrs.its.dot.gov/benefits,,"Mock_Default value carried forward: $2,900,000.",Retained from bc_baseline_mock_v1. The legacy value modeled annual benefit growth from comparable ITS JPO findings using assumed deployment exposure; it is not a measured state-year benefit.,Adaptive traffic signal control; Traveler information systems; Active traffic management,2900000,Retained from bc_baseline_mock_v1. The legacy value modeled annual benefit growth from comparable ITS JPO findings using assumed deployment exposure; it is not a measured state-year benefit.,Current-year mock default; replace with agency budget records and local before-after studies when available.
New Jersey,2023,BC_Analysis_Default_v1,bc_new_safety_benefit,New Safety Benefit,2100000,Mock_Default,true,State-year model baseline; no matching authorized monetary record verified,Legacy bc_baseline_mock_v1 supported by ITS JPO Benefits/Costs databases,https://www.itskrs.its.dot.gov/benefits,,"Mock_Default value carried forward: $2,100,000.",Retained from bc_baseline_mock_v1. The legacy value modeled annual benefit growth from comparable ITS JPO findings using assumed deployment exposure; it is not a measured state-year benefit.,Work-zone ITS and queue warning; Variable speed limits; Emergency vehicle preemption,2100000,Retained from bc_baseline_mock_v1. The legacy value modeled annual benefit growth from comparable ITS JPO findings using assumed deployment exposure; it is not a measured state-year benefit.,Current-year mock default; replace with agency budget records and local before-after studies when available.
New Jersey,2023,BC_Analysis_Default_v1,bc_new_environment_benefit,New Environmental Benefit,160000,Mock_Default,true,State-year model baseline; no matching authorized monetary record verified,Legacy bc_baseline_mock_v1 supported by ITS JPO Benefits/Costs databases,https://www.itskrs.its.dot.gov/benefits,,"Mock_Default value carried forward: $160,000.",Retained from bc_baseline_mock_v1. The legacy value modeled annual benefit growth from comparable ITS JPO findings using assumed deployment exposure; it is not a measured state-year benefit.,Adaptive traffic signal control; Speed harmonization; Connected-vehicle applications,160000,Retained from bc_baseline_mock_v1. The legacy value modeled annual benefit growth from comparable ITS JPO findings using assumed deployment exposure; it is not a measured state-year benefit.,Current-year mock default; replace with agency budget records and local before-after studies when available.
New Jersey,2023,BC_Analysis_Default_v1,bc_existing_om_cost_total,Existing ITS O&M Cost,3898000,Exact_Dataset,false,NJDOT federal authorization line item; partial coverage of statewide ITS activity,NJDOT FY 2023 Annual Obligation Report - Statewide,https://www.nj.gov/transportation/capital/obligation/pdf/2023/statewide.pdf,2023,$3.898 million authorized for the Intelligent Transportation System Resource Center (DB #13304).,"Used the report's authorized amount for the explicitly identified ITS or traffic-signal program line item. This is an authorization, not a paid expenditure or lifecycle cost.",ITS Resource Center; ITS program support; Technology evaluation,9000000,Retained from bc_baseline_mock_v1. The legacy value scaled ITS JPO sample unit costs and cost ranges using assumed deployment quantities and annual growth; it is not an agency expenditure record.,Exact reported authorization; the source does not claim that this line item is the complete statewide ITS total.
New Jersey,2023,BC_Analysis_Default_v1,bc_new_cost_total,New ITS Deployment Cost,12092000,Exact_Dataset,false,NJDOT federal authorization line item; partial coverage of statewide ITS activity,NJDOT FY 2023 Annual Obligation Report - Statewide,https://www.nj.gov/transportation/capital/obligation/pdf/2023/statewide.pdf,2023,"$12.092 million authorized for Intelligent Traffic Signal Systems (DB #15343), Route 38/70/73 ATS Contract #1.","Used the report's authorized amount for the explicitly identified ITS or traffic-signal program line item. This is an authorization, not a paid expenditure or lifecycle cost.",Intelligent traffic signal systems; Adaptive traffic signal control; Arterial management,4500000,Retained from bc_baseline_mock_v1. The legacy value scaled ITS JPO sample unit costs and cost ranges using assumed deployment quantities and annual growth; it is not an agency expenditure record.,Exact reported authorization; the source does not claim that this line item is the complete statewide ITS total.
